Term,Spotify_SFA,Spotify_Creator Promotion,Scribd,QDT,Zignal,WGU,Afterpay,Lumen,Kin + Carta,HashiCorp,Talentify,Trellance,Upgrade,Sprouts,Pngme,Posh,SigFig,GGWP,NExTNet,Dashworks,Alectio,TOTALS,Notes
Python,checked,checked,checked,checked,,checked,checked,checked,checked,checked,checked,checked,checked,checked,checked,checked,checked,checked,checked,,checked,19,
ML,,,checked,checked,,,,,,checked,checked,checked,checked,checked,checked,checked,checked,checked,,checked,checked,13,
collaborative,,,,checked,checked,,,checked,,checked,checked,checked,checked,checked,checked,checked,checked,checked,,,,12,
statistics,,,checked,,,checked,checked,,checked,,,checked,checked,checked,checked,,checked,checked,,,,10,
presentation,checked,checked,,checked,,checked,,,checked,,,checked,checked,,,checked,checked,checked,,,,10,
team,,,,checked,,checked,,checked,,checked,,,checked,,checked,checked,checked,,checked,checked,,10,
passion,,,,checked,checked,checked,,,,checked,,,checked,checked,,checked,,checked,,checked,checked,10,
with: non-technical,checked,checked,,,,checked,,,checked,,checked,,checked,checked,,,checked,checked,,,checked,10,
communication,checked,checked,,,,,checked,,checked,,checked,checked,,,,checked,checked,checked,,checked,,10,
SQL,,checked,checked,checked,,checked,checked,,checked,,,checked,,,checked,,checked,,,,,9,
computer science,checked,,checked,,,,checked,,checked,,,,,checked,checked,,checked,,checked,,,8,
DS,,,,,,checked,checked,,checked,,checked,checked,,,checked,,checked,,checked,,,8,
mathematics,,,checked,,,,checked,,checked,,,checked,checked,checked,checked,checked,,,,,,8,
implementation,,,,checked,checked,,,,,checked,checked,checked,checked,checked,,,,,,checked,,8,
modeling,,checked,,checked,checked,,,checked,,checked,checked,,,checked,,checked,,,,,,8,
data: pipelines,,,checked,,,,checked,,checked,checked,checked,,,checked,,,,checked,,,,7,
Tableau,,checked,,checked,,checked,checked,,checked,,,checked,,,,,checked,,,,,7,
data: engineering,,,,checked,,checked,,,checked,checked,,,,,checked,checked,,checked,,,,7,
data: mining,,,,,checked,checked,,,checked,,checked,checked,,,checked,checked,,,,,,7,
product: development,,checked,,,checked,checked,checked,,checked,,,checked,,,checked,,,,,,,7,
data analysis,,,,,checked,checked,,,checked,checked,checked,,,,checked,,,checked,,,,7,
quantitative,,,checked,checked,,,checked,,checked,,,,checked,,,,checked,checked,,,,7,
engineering,,,,checked,,,checked,,checked,,,,,checked,checked,,,checked,checked,,,7,
communication: written,,,checked,,,checked,,checked,,,,,,checked,,checked,checked,checked,,,,7,
impact,,,,,,,,checked,checked,checked,,checked,,checked,,,,checked,,checked,,7,
design experiments,checked,checked,,,,,,,,checked,,,,,checked,,checked,,checked,checked,,7,
TensorFlow,checked,checked,checked,,,,,,,checked,,,,,,checked,,,,checked,checked,7,
Spark,,,checked,checked,,,checked,,checked,,,,,,checked,,checked,,,,,6,
R,,checked,,,,checked,,,checked,checked,,checked,,,,,checked,,,,,6,
leadership,,checked,,,,,checked,,checked,,,,,,checked,checked,checked,,,,,6,
data: visualization,,,,,checked,checked,,,checked,,checked,,,,,,checked,checked,,,,6,
analytical,,,,,,,checked,checked,checked,,checked,,checked,,,,,,checked,,,6,
innovative,,,,,checked,,,,checked,,,,checked,,checked,checked,,,,,checked,6,
BI,,,checked,,,,,,checked,,checked,checked,checked,,,,checked,,,,,6,
learner,,,,,checked,,,,checked,,,,checked,,,checked,checked,,,checked,,6,
2+ years DS,,,,,,,,,checked,,checked,,checked,checked,,,,checked,,,checked,6,
AI,,,checked,checked,,,,,,,,checked,,,,checked,,,,checked,checked,6,
insight,,,,,checked,,,,,,,checked,,,checked,,checked,checked,checked,,,6,
research,checked,,checked,,,,,,,,checked,,,,,checked,,,,,checked,5,
DL,,,checked,,checked,,,,,,,,,,,checked,,,,checked,checked,5,
classification,,,checked,checked,,,,,,checked,,checked,,,,checked,,,,,,5,
predictive analytics,,checked,,checked,,,,checked,,,,checked,,,checked,,,,,,,5,
degree,,checked,,,,,,,,,checked,,,,checked,,checked,checked,,,,5,
data-driven-decision-making,checked,checked,,,,checked,checked,,checked,,,,,,,,,,,,,5,
storytelling,checked,checked,,,checked,,,,,checked,,,,,,,checked,,,,,5,
PyTorch,,,checked,,,,,,,checked,,,,,,checked,,,,checked,checked,5,
NLP,,,checked,,checked,,,,,,,,,checked,,checked,,checked,,,,5,
data: integrity,,,,,checked,checked,checked,,,,,checked,,,,,,checked,,,,5,
Bachelor's,,,,,checked,,checked,,,,,checked,,checked,,,checked,,,,,5,
diversity,,,,,,checked,,checked,checked,,,,checked,,checked,,,,,,,5,
inclusive,,,,,,,checked,checked,checked,checked,,,,,checked,,,,,,,5,
driven,,,,,,,,,,,,,checked,,checked,checked,checked,,,checked,,5,
communication: oral,,,checked,,,checked,,,,,,,,checked,,,checked,,,,,4,
data: unstructured,,,checked,,,,,,checked,,,checked,,,,,,checked,,,,4,
creative,checked,,,,,,,,checked,,,,,,,checked,,checked,,,,4,
dashboards,,,,,,checked,checked,,checked,,,,,,,,checked,,,,,4,
Big Data,,,,checked,,,,,checked,,,,,,checked,,,,checked,,,4,
AWS,,,,,checked,,,,checked,,,,,,,,,checked,checked,,,4,
end-to-end,,,,,checked,,,,checked,,,,,checked,,,,checked,,,,4,
data: feature extraction,,,,,checked,,,,,,,checked,,checked,,,,checked,,,,4,
stakeholders,,,,,,checked,checked,,checked,,,checked,,,,,,,,,,4,
committed,,,,,checked,,checked,,,checked,,,,,,,checked,,,,,4,
helpful,,,,,,,checked,checked,,,,,,,,checked,checked,,,,,4,
PhD,,,,,,,,,,checked,,,checked,checked,,,,,checked,,,4,
culture,,,,,,,,,,,,,checked,,checked,,checked,,,checked,,4,
with: technical,,,,,,,,,,,,,checked,,,checked,,checked,,,checked,4,
data: cleaning,,,,checked,,checked,,,,,,checked,,,,,,checked,,,,4,
Software Engineering,,,checked,,,,,,,,checked,,,,,,,checked,,,,3,
EDA,,,checked,,,,,,,,,,,,checked,,,checked,,,,3,
forecasting,,checked,,checked,,,,,,checked,,,,,,,,,,,,3,
explain,,checked,,,,checked,,,,,,,,,,,,,,,checked,3,
clustering,,,,checked,,,,,,checked,,,,,,checked,,,,,,3,
Hadoop,,,,checked,,,checked,,,,,,,,checked,,,,,,,3,
Hive,,,,,checked,,checked,,checked,,,,,,,,,,,,,3,
Scala,,,,,checked,checked,,,,,,,,,,,,,,,checked,3,
accessibility,,,,,,checked,checked,,,,,,,,,,checked,,,,,3,
dynamic,,,,,,checked,,,,,,,,checked,checked,,,,,,,3,
cross-discipline,,,,,,checked,,,checked,,,checked,,,,,,,,,,3,
Git,,,,,,,checked,checked,,,,,,,,,checked,,,,,3,
economics,,,,,,,checked,,,,,,,,,,checked,checked,,,,3,
detail-oriented,,,,,,,,,checked,,,,checked,checked,,,,,,,,3,
curiosity,,,,,,,,,checked,,,,,,,checked,,,,checked,,3,
cloud,,,,,,,,,checked,checked,,,,,,,,checked,,,,3,
scikit-learn,,,,,,,,,,checked,,,,,,checked,checked,,,,,3,
customer: churn,,,,,,,checked,,,checked,,,,,,,checked,,,,,3,
master’s,,,,,,checked,,,checked,checked,,,,,,,,,,,,3,
integration,,,,,,,checked,,,checked,,,,,,,,,checked,,,3,
regression,,,,,checked,,,,,checked,,checked,,,,,,,,,,3,
naive bayes,,,checked,,,,,,,checked,,checked,,,,,,,,,,3,
data: architecture,,,,,,,,,checked,,,checked,,checked,,,,,,,,3,
algorithms,,,,,,,,,,,,checked,,,,checked,,,,,checked,3,
NumPy,,,,,,,,,,checked,,checked,,,,checked,,,,,,3,
data: prep,,,,,,,,,,,,checked,,,,,,,checked,,checked,3,
fintech,,,,,,,,,,,,checked,checked,,checked,,,,,,,3,
data: structured,,,,,,,,,,,,checked,,,checked,checked,,,,,,3,
MS,,,,,,,,,,,,,checked,checked,,,,,checked,,,3,
customer: success,,,,,,,,,,checked,,,,,,,checked,,,checked,,3,
fast-paced,,,,,,,,,,,,,checked,checked,,,,checked,,,,3,
databases,,,,,,checked,,,,,,,,,,,,checked,checked,,,3,
graphs,,,,,checked,checked,,,,,,,,,,,,checked,,,,3,
evaluation,,,,,,,,,,,,,,checked,,,,checked,,checked,,3,
conferences,,,,,,,,,,,,,,,,checked,,,,checked,checked,3,
product: deployment,,,,,checked,,checked,,,,,,,,,,,,,checked,,3,
computer vision,,,checked,,,,,checked,,,,,,,,,,,,,,2,
educate,,,checked,,,,,,,,,,,,,,,,,,checked,2,
computational linguistics,,,checked,,,,,,,,,,,,,checked,,,,,,2,
3+ years DS,,checked,,,,,,,,,,,,,,,checked,,,,,2,
perspectives,checked,,,,,,,,,checked,,,,,,,,,,,,2,
background,checked,,,,,,,,,checked,,,,,,,,,,,,2,
mentorship,,checked,,,,checked,,,,,,,,,,,,,,,,2,
relationships ,,checked,,,,,,,,,,,,,,checked,,,,,,2,
automation,,,,checked,,,,,,,,,,,,,checked,,,,,2,
decision trees,,,,,checked,,,,,checked,,,,,,,,,,,,2,
S3,,,,,checked,,,,,,,,,,,,,,checked,,,2,
problem-solving,,,,checked,checked,,,,,,,,,,,,,,,,,2,
Databricks,,,,,checked,,checked,,,,,,,,,,,,,,,2,
5+ years DS,,,,,,checked,,,,,,checked,,,,,,,,,,2,
data: datasets,,,,,,checked,,,,,,,,checked,,,,,,,,2,
community,,,,,,checked,,,,,,,,,,checked,,,,,,2,
multivariate analysis,,,,,,checked,,,,checked,,,,,,,,,,,,2,
SAS,,,,,,checked,,,,,,checked,,,,,,,,,,2,
adoption,,,,,,,checked,,,,,,,,,,,,,,checked,2,
meaningful,,,,,,,checked,,,,,,checked,,,,,,,,,2,
Support,,,,,,,checked,,,,,,,,,,,checked,,,,2,
data: complex,,,,,,,checked,,,,,,,,,,checked,,,,,2,
partnerships,,,,,,,checked,,,,,,,,,,checked,,,,,2,
pattern-recognition,,,,,,,checked,,,,,checked,,,,,,,,,,2,
monitoring,,,,,,,,checked,,,checked,,,,,,,,,,,2,
uncertainty,,,,,,,,checked,,checked,,,,,,,,,,,,2,
revenue optimization,,,,,,,,checked,,checked,,,,,,,,,,,,2,
libraries,,,,,,,,,checked,,,,,,,checked,,,,,,2,
D3,,,,,,,,,checked,,,,,,,,checked,,,,,2,
optimization,,,,,,,,,checked,,,,,,,,checked,,,,,2,
REST APIs,,,,,,,,,checked,,,,,,,,checked,,,,,2,
fun,,,,,,,,,checked,,,,,,,,checked,,,,,2,
CSS,,,,,,,,,checked,,,,,,,,,checked,,,,2,
consulting,,,,,,,,,checked,,,checked,,,,,,,,,,2,
talented,,,,,,,,,,checked,,,,,,,,checked,,,,2,
Pandas,,,,,,,,,,checked,,,,,,,checked,,,,,2,
finance,,,,,,,,,,checked,,checked,,,,,,,,,,2,
ensemble methods,,,,,checked,,,,,checked,,,,,,,,,,,,2,
hands-on,,,,,,,,,,,checked,,,checked,,,,,,,,2,
querying,,,,,,,,,,,checked,,,,,,,checked,,,,2,
communicate: technical,,,,,,,,,,,checked,,,,,checked,,,,,,2,
methodical,,,,,,,,,,,,checked,,,,checked,,,,,,2,
Java,,,,,,,,,,,,checked,,,,,,,,,checked,2,
error analysis,,,,,,,,,,,,checked,,checked,,,,,,,,2,
ad-hoc,,,,,,,,,,,,checked,,checked,,,,,,,,2,
Random Forest,,,,,,,,,,checked,,,checked,,,,,,,,,2,
development,,,,,,,,,,,,,checked,,,,,,checked,,,2,
certification,,,,checked,,,,,,,,,,checked,,,,,,,,2,
growth,,,,,,,,,checked,,,,,checked,,,,,,,,2,
ML: ops,,,,,,,,,,,,,,checked,,,,,,,checked,2,
building,,,,,,,,,,,,,,checked,,checked,,,,,,2,
labeling,,checked,,,,,,,,,,,,checked,,,,,,,,2,
organized,,,,,,,checked,,,,,,,checked,,,,,,,,2,
conversation,,,,,,,,,,,,,,,checked,,checked,,,,,2,
scientific community,,,,,,,,,,,,,,,,checked,,checked,,,,2,
positive attitude,,,,,,,,,,,,,,,,checked,,checked,,,,2,
product: recommendation,,,,,,,,,,,,,,,,checked,checked,,,,,2,
information retrieval,,,,,,,,,,,,,,,,checked,,,,checked,,2,
owner,,,,,,,,,,,,,,,,checked,,,,checked,,2,
core values,,,,,,,,,,,,,,,,checked,checked,,,,,2,
customer-centric,,,,,,,,,,,,,,,,,checked,checked,,,,2,
reports,,,,,,checked,,,,,,,,,,,checked,,,,,2,
business logic,,,,,,,,,,checked,,,,,,,checked,,,,,2,
Think Big,,,,,,,,,,,,,,,,,checked,,,,checked,2,
NLP: conversational,,,,,,,,,,,,,,,,checked,checked,,,,,2,
propose improvements,,,,,,,,,,,,,,,,checked,checked,,,,,2,
maker,,,,,,,,,checked,,,,,,,,checked,,,,,2,
deployment,,,,,,,,,,,,,,,,,checked,,,checked,,2,
intuitive,,,,,,,,,,,,,,,,,checked,,,checked,,2,
empower,,,,,,,,,,,,,,,,,checked,,,checked,,2,
customer: services,,,,,,,,,,,,checked,,,,,checked,,,,,2,
disrupt,,,,,,,,,,,,,,,,,checked,,,,checked,2,
segmentation,,,,,,,,,,,,,,,,,checked,checked,,,,2,
DynamoDB,,,,,,,,,,,,,,,,,,checked,checked,,,2,
models: eval,,,,,,,,,,,,,checked,,,,,checked,,,,2,
interested,,,,,,,,,,,,,,,,checked,,,checked,,,2,
testing,,,,,,,,,,,checked,,,,,,,,checked,,,2,
cross-functional,,,,,,,,checked,,,,,,,,,,,checked,,,2,
comfortable,,,,,,,,,,,,,,,,,,,checked,checked,,2,
Keras,,,,,,,,,,checked,,,,,,,,,,,checked,2,
frequentist,,,checked,,,,,,,,,,,,,,,,,,,1,
intentional,,,checked,,,,,,,,,,,,,,,,,,,1,
full-stack,,,checked,,,,,,,,,,,,,,,,,,,1,
data: multi-modal,,,checked,,,,,,,,,,,,,,,,,,,1,
data: meta,,,checked,,,,,,,,,,,,,,,,,,,1,
BigQuery,,checked,,,,,,,,,,,,,,,,,,,,1,
metrics,,checked,,,,,,,,,,,,,,,,,,,,1,
diverse experience,checked,,,,,,,,,,,,,,,,,,,,,1,
forward-thinking,checked,,,,,,,,,,,,,,,,,,,,,1,
rigor,,checked,,,,,,,,,,,,,,,,,,,,1,
coach,,checked,,,,,,,,,,,,,,,,,,,,1,
reading,,,checked,,,,,,,,,,,,,,,,,,,1,
Cassandra,,,,checked,,,,,,,,,,,,,,,,,,1,
optimized signal aggregation,,,,checked,,,,,,,,,,,,,,,,,,1,
opportunistic,,,,checked,,,,,,,,,,,,,,,,,,1,
trading strategy,,,,checked,,,,,,,,,,,,,,,,,,1,
focused,,,,checked,,,,,,,,,,,,,,,,,,1,
specialization,,,,checked,,,,,,,,,,,,,,,,,,1,
resourceful,,,,checked,,,,,,,,,,,,,,,,,,1,
Plotly,,,,checked,,,,,,,,,,,,,,,,,,1,
NLP: extracted text,,,,checked,,,,,,,,,,,,,,,,,,1,
8+ years Q,,,,,checked,,,,,,,,,,,,,,,,,1,
named entity recognition,,,,,checked,,,,,,,,,,,,,,,,,1,
transparent,,,,,checked,,,,,,,,,,,,,,,,,1,
data: algorithms,,,,,checked,,,,,,,,,,,,,,,,,1,
NLP: emotion analysis,,,,,checked,,,,,,,,,,,,,,,,,1,
NLP: parsing,,,,,checked,,,,,,,,,,,,,,,,,1,
NLP: shallow parsing,,,,,checked,,,,,,,,,,,,,,,,,1,
SageMaker,,,,,checked,,,,,,,,,,,,,,,,,1,
nice,,,,,checked,,,,,,,,,,,,,,,,,1,
ground tuth,,,,,checked,,,,,,,,,,,,,,,,,1,
Elasticsearch,,,,,checked,,,,,,,,,,,,,,,,,1,
model: eval,,,,,checked,,,,,,,,,,,,,,,,,1,
PythonSpark,,,,,checked,,,,,,,,,,,,,,,,,1,
Neo4j,,,,,checked,,,,,,,,,,,,,,,,,1,
media,,,,,checked,,,,,,,,,,,,,,,,,1,
NLP: sentiment analysis,,,,,checked,,,,,,,,,,,,,,,,,1,
constituency,,,,,checked,,,,,,,,,,,,,,,,,1,
dependency,,,,,checked,,,,,,,,,,,,,,,,,1,
learning analytics,,,,,,checked,,,,,,,,,,,,,,,,1,
charts,,,,,,checked,,,,,,,,,,,,,,,,1,
nights/weekends,,,,,,checked,,,,,,,,,,,,,,,,1,
interpersonal,,,,,,checked,,,,,,,,,,,,,,,,1,
 data: educational,,,,,,checked,,,,,,,,,,,,,,,,1,
data: transformation,,,,,,checked,,,,,,,,,,,,,,,,1,
multi-task,,,,,,checked,,,,,,,,,,,,,,,,1,
identify,,,,,,checked,,,,,,,,,,,,,,,,1,
learning science,,,,,,checked,,,,,,,,,,,,,,,,1,
performance metrics,,,,,,checked,,,,,,,,,,,,,,,,1,
better future,,,,,,checked,,,,,,,,,,,,,,,,1,
Bi-lingual,,,,,,checked,,,,,,,,,,,,,,,,1,
data: availability,,,,,,checked,,,,,,,,,,,,,,,,1,
student-focused,,,,,,checked,,,,,,,,,,,,,,,,1,
psychology,,,,,,checked,,,,,,,,,,,,,,,,1,
tables,,,,,,checked,,,,,,,,,,,,,,,,1,
business value,,,,,,checked,,,,,,,,,,,,,,,,1,
5+ years: IT consult,,,,,,,checked,,,,,,,,,,,,,,,1,
high technical bar,,,,,,,checked,,,,,,,,,,,,,,,1,
support growth,,,,,,,checked,,,,,,,,,,,,,,,1,
product: features,,,,,,,checked,,,,,,,,,,,,,,,1,
business performance,,,,,,,checked,,,,,,,,,,,,,,,1,
responsible,,,,,,,checked,,,,,,,,,,,,,,,1,
Looker,,,,,,,checked,,,,,,,,,,,,,,,1,
A/ B testing,,,,,,,checked,,,,,,,,,,,,,,,1,
Snowflake,,,,,,,checked,,,,,,,,,,,,,,,1,
Sumo Logic,,,,,,,checked,,,,,,,,,,,,,,,1,
 business strategy,,,,,,,checked,,,,,,,,,,,,,,,1,
troubleshooting,,,,,,,checked,,,,,,,,,,,,,,,1,
pragmatic,,,,,,,checked,,,,,,,,,,,,,,,1,
fair,,,,,,,checked,,,,,,,,,,,,,,,1,
datamarts,,,,,,,checked,,,,,,,,,,,,,,,1,
Amplitude,,,,,,,checked,,,,,,,,,,,,,,,1,
scaling,,,,,,,checked,,,,,,,,,,,,,,,1,
operations,,,,,,,checked,,,,,,,,,,,,,,,1,
data: reports,,,,,,,checked,,,,,,,,,,,,,,,1,
GTM,,,,,,,checked,,,,,,,,,,,,,,,1,
Assist,,,,,,,checked,,,,,,,,,,,,,,,1,
RCA,,,,,,,checked,,,,,,,,,,,,,,,1,
debugging,,,,,,,,checked,,,,,,,,,,,,,,1,
energy technologies,,,,,,,,checked,,,,,,,,,,,,,,1,
geospatial data,,,,,,,,checked,,,,,,,,,,,,,,1,
GIS,,,,,,,,checked,,,,,,,,,,,,,,1,
models: pricing,,,,,,,,checked,,,,,,,,,,,,,,1,
"customer: usage
",,,,,,,,checked,,,,,,,,,,,,,,1,
customer: cost,,,,,,,,checked,,,,,,,,,,,,,,1,
risks,,,,,,,,,checked,,,,,,,,,,,,,1,
Pig,,,,,,,,,checked,,,,,,,,,,,,,1,
Architecting,,,,,,,,,checked,,,,,,,,,,,,,1,
Impala,,,,,,,,,checked,,,,,,,,,,,,,1,
modernize,,,,,,,,,checked,,,,,,,,,,,,,1,
GraphQL,,,,,,,,,checked,,,,,,,,,,,,,1,
data: organization,,,,,,,,,checked,,,,,,,,,,,,,1,
data: multi-dimensional,,,,,,,,,checked,,,,,,,,,,,,,1,
APIs,,,,,,,,,checked,,,,,,,,,,,,,1,
HTML,,,,,,,,,checked,,,,,,,,,,,,,1,
contribute,,,,,,,,,checked,,,,,,,,,,,,,1,
world-changing,,,,,,,,,checked,,,,,,,,,,,,,1,
UNIX,,,,,,,,,checked,,,,,,,,,,,,,1,
React,,,,,,,,,checked,,,,,,,,,,,,,1,
Luigi,,,,,,,,,checked,,,,,,,,,,,,,1,
Azure,,,,,,,,,checked,,,,,,,,,,,,,1,
connections,,,,,,,,,checked,,,,,,,,,,,,,1,
ggplot2,,,,,,,,,checked,,,,,,,,,,,,,1,
specialism,,,,,,,,,checked,,,,,,,,,,,,,1,
Vue,,,,,,,,,checked,,,,,,,,,,,,,1,
matplotlib,,,,,,,,,checked,,,,,,,,,,,,,1,
Airflow,,,,,,,,,checked,,,,,,,,,,,,,1,
awareness,,,,,,,,,checked,,,,,,,,,,,,,1,
Javascript,,,,,,,,,checked,,,,,,,,,,,,,1,
PowerBI,,,,,,,,,checked,,,,,,,,,,,,,1,
Prefect,,,,,,,,,checked,,,,,,,,,,,,,1,
seaborn,,,,,,,,,checked,,,,,,,,,,,,,1,
KPIs,,,,,,,,,checked,,,,,,,,,,,,,1,
builders,,,,,,,,,checked,,,,,,,,,,,,,1,
business decisions,,,,,,,,,checked,,,,,,,,,,,,,1,
timelines,,,,,,,,,checked,,,,,,,,,,,,,1,
dependences,,,,,,,,,checked,,,,,,,,,,,,,1,
tracking,,,,,,,,,checked,,,,,,,,,,,,,1,
AngularJS,,,,,,,,,checked,,,,,,,,,,,,,1,
Equity,,,,,,,,,checked,,,,,,,,,,,,,1,
bokeh,,,,,,,,,checked,,,,,,,,,,,,,1,
ARIMA,,,,,,,,,,checked,,,,,,,,,,,,1,
GBM,,,,,,,,,,checked,,,,,,,,,,,,1,
Partnership Ecosystem,,,,,,,,,,checked,,,,,,,,,,,,1,
data: foundations,,,,,,,,,,checked,,,,,,,,,,,,1,
timely actions,,,,,,,,,,checked,,,,,,,,,,,,1,
LSTM,,,,,,,,,,checked,,,,,,,,,,,,1,
DL: hyper-parameter tuning,,,,,,,,,,checked,,,,,,,,,,,,1,
Sales,,,,,,,,,,checked,,,,,,,,,,,,1,
supervised learning,,,,,,,,,,checked,,,,,,,,,,,,1,
Markov,,,,,,,,,,checked,,,,,,,,,,,,1,
consumption-based,,,,,,,,,,checked,,,,,,,,,,,,1,
bookings,,,,,,,,,,checked,,,,,,,,,,,,1,
reduction,,,,,,,,,,checked,,,,,,,,,,,,1,
 customer insights,,,,,,,,,,checked,,,,,,,,,,,,1,
" monte carlo
",,,,,,,,,,checked,,,,,,,,,,,,1,
RNN,,,,,,,,,,checked,,,,,,,,,,,,1,
data: dimensionality,,,,,,,,,,checked,,,,,,,,,,,,1,
association mining,,,,,,,,,,checked,,,,,,,,,,,,1,
Univariate analysis,,,,,,,,,,checked,,,,,,,,,,,,1,
customer: acquisition,,,,,,,,,,checked,,,,,,,,,,,,1,
conversion,,,,,,,,,,checked,,,,,,,,,,,,1,
generation-defining,,,,,,,,,,checked,,,,,,,,,,,,1,
unsupervised learning,,,,,,,,,,checked,,,,,,,,,,,,1,
techniques,,,,,,,,,,checked,,,,,,,,,,,,1,
market intelligence,,,,,,,,,,,checked,,,,,,,,,,,1,
calculation efficiency,,,,,,,,,,,checked,,,,,,,,,,,1,
data: adjusting ,,,,,,,,,,,checked,,,,,,,,,,,1,
Ruby,,,,,,,,,,,checked,,,,,,,,,,,1,
MongoDB,,,,,,,,,,,checked,,,,,,,,,,,1,
4+ years Q,,,,,,,,,,,,checked,,,,,,,,,,1,
statistical,,,,,,,,,,,,checked,,,,,,,,,,1,
Weka,,,,,,,,,,,,checked,,,,,,,,,,1,
BA,,,,,,,,,,,,checked,,,,,,,,,,1,
manage risk,,,,,,,,,,,,checked,,,,,,,,,,1,
Excel,,,,,,,,,,,,checked,,,,,,,,,,1,
efficiency,,,,,,,,,,,,checked,,,,,,,,,,1,
member experience,,,,,,,,,,,,checked,,,,,,,,,,1,
consumer,,,,,,,,,,,,checked,,,,,,,,,,1,
Decision Forests,,,,,,,,,,,,checked,,,,,,,,,,1,
MatLab,,,,,,,,,,,,checked,,,,,,,,,,1,
models: improvement,,,,,,,,,,,,checked,,,,,,,,,,1,
PowerPoint,,,,,,,,,,,,checked,,,,,,,,,,1,
anomaly detection,,,,,,,,,,,,checked,,,,,,,,,,1,
retail banking,,,,,,,,,,,,checked,,,,,,,,,,1,
KNN,,,,,,,,,,,,checked,,,,,,,,,,1,
SVM,,,,,,,,,,,,checked,,,,,,,,,,1,
BS,,,,,,,,,,,,checked,,,,,,,,,,1,
metric accuracy,,,,,,,,,,,,checked,,,,,,,,,,1,
union banking,,,,,,,,,,,,checked,,,,,,,,,,1,
technical topics,,,,,,,,,,,,,checked,,,,,,,,,1,
operations,,,,,,,,,,,,,checked,,,,,,,,,1,
credit risk,,,,,,,,,,,,,checked,,,,,,,,,1,
Recently graduated,,,,,,,,,,,,,checked,,,,,,,,,1,
proactive,,,,,,,,,,,,,checked,,,,,,,,,1,
write: documentation,,,,,,,,,,,,,checked,,,,,,,,,1,
Marketing,,,,,,,,,,,,,checked,,,,,,,,,1,
Actively research,,,,,,,,,,,,,checked,,,,,,,,,1,
fraud,,,,,,,,,,,,,checked,,,,,,,,,1,
Gradient Boosted Trees,,,,,,,,,,,,,checked,,,,,,,,,1,
odeling,,,,,,,,,,,,,checked,,,,,,,,,1,
Financial Times,,,,,,,,,,,,,checked,,,,,,,,,1,
platforms,,,,,,,,,,,,,,checked,,,,,,,,1,
C++,,,,,,,,,,,,,,checked,,,,,,,,1,
confidence intervals,,,,,,,,,,,,,,checked,,,,,,,,1,
model serving,,,,,,,,,,,,,,checked,,,,,,,,1,
C,,,,,,,,,,,,,,checked,,,,,,,,1,
4+ years DS,,,,,,,,,,,,,,,checked,,,,,,,1,
Apache,,,,,,,,,,,,,,,checked,,,,,,,1,
data: financial,,,,,,,,,,,,,,,checked,,,,,,,1,
people,,,,,,,,,,,,,,,checked,,,,,,,1,
discussion,,,,,,,,,,,,,,,checked,,,,,,,1,
product: culture,,,,,,,,,,,,,,,checked,,,,,,,1,
equal access,,,,,,,,,,,,,,,checked,,,,,,,1,
meetings,,,,,,,,,,,,,,,checked,,,,,,,1,
EMR,,,,,,,,,,,,,,,checked,,,,,,,1,
probability,,,,,,,,,,,,,,,checked,,,,,,,1,
DS: perspective,,,,,,,,,,,,,,,checked,,,,,,,1,
2+ years NLP,,,,,,,,,,,,,,,,checked,,,,,,1,
semi-supervised learning,,,,,,,,,,,,,,,,checked,,,,,,1,
creative writers,,,,,,,,,,,,,,,,checked,,,,,,1,
Arxiv,,,,,,,,,,,,,,,,checked,,,,,,1,
deliver,,,,,,,,,,,,,,,,checked,,,,,,1,
hobbies,,,,,,,,,,,,,,,,checked,,,,,,1,
Post-graduate,,,,,,,,,,,,,,,,checked,,,,,,1,
Software Development,,,,,,,,,,,,,,,,checked,,,,,,1,
philosophy,,,,,,,,,,,,,,,,checked,,,,,,1,
NLP: summarization,,,,,,,,,,,,,,,,checked,,,,,,1,
scientific process,,,,,,,,,,,,,,,,checked,,,,,,1,
data: intent recognition,,,,,,,,,,,,,,,,checked,,,,,,1,
end-user experience,,,,,,,,,,,,,,,,checked,,,,,,1,
NLP: classification,,,,,,,,,,,,,,,,checked,,,,,,1,
Linguistics,,,,,,,,,,,,,,,,checked,,,,,,1,
abstract language modeling,,,,,,,,,,,,,,,,checked,,,,,,1,
content personalization,,,,,,,,,,,,,,,,checked,,,,,,1,
all audiences,,,,,,,,,,,,,,,,checked,,,,,,1,
exciting,,,,,,,,,,,,,,,,checked,,,,,,1,
NLP: semantic,,,,,,,,,,,,,,,,checked,,,,,,1,
privacy,,,,,,,,,,,,,,,,checked,,,,,,1,
trusting,,,,,,,,,,,,,,,,checked,,,,,,1,
democratizing,,,,,,,,,,,,,,,,checked,,,,,,1,
Actively,,,,,,,,,,,,,,,,checked,,,,,,1,
outside of work,,,,,,,,,,,,,,,,checked,,,,,,1,
digital banking,,,,,,,,,,,,,,,,checked,,,,,,1,
up-to-date,,,,,,,,,,,,,,,,checked,,,,,,1,
flexible location,,,,,,,,,,,,,,,,checked,,,,,,1,
data: quality,,,,,,,,,,,,,,,,checked,,,,,,1,
flexible,,,,,,,,,,,,,,,,checked,,,,,,1,
information extraction,,,,,,,,,,,,,,,,checked,,,,,,1,
white papers,,,,,,,,,,,,,,,,checked,,,,,,1,
blog,,,,,,,,,,,,,,,,checked,,,,,,1,
infrastructure,,,,,,,,,,,,,,,,,checked,,,,,1,
command line,,,,,,,,,,,,,,,,,checked,,,,,1,
Redash,,,,,,,,,,,,,,,,,checked,,,,,1,
teacher,,,,,,,,,,,,,,,,,checked,,,,,1,
data: culture,,,,,,,,,,,,,,,,,checked,,,,,1,
group settings,,,,,,,,,,,,,,,,,checked,,,,,1,
affordable,,,,,,,,,,,,,,,,,checked,,,,,1,
communicate: insights,,,,,,,,,,,,,,,,,checked,,,,,1,
write: scripts,,,,,,,,,,,,,,,,,checked,,,,,1,
prototype,,,,,,,,,,,,,,,,,checked,,,,,1,
data: tooling,,,,,,,,,,,,,,,,,checked,,,,,1,
product: data ,,,,,,,,,,,,,,,,,checked,,,,,1,
LTV analysis,,,,,,,,,,,,,,,,,checked,,,,,1,
shell scripting,,,,,,,,,,,,,,,,,checked,,,,,1,
Julia,,,,,,,,,,,,,,,,,checked,,,,,1,
Nimble,,,,,,,,,,,,,,,,,checked,,,,,1,
STATA,,,,,,,,,,,,,,,,,checked,,,,,1,
smarter decision-making,,,,,,,,,,,,,,,,,checked,,,,,1,
create tools,,,,,,,,,,,,,,,,,checked,,,,,1,
 product: consumer,,,,,,,,,,,,,,,,,checked,,,,,1,
customer: profiling,,,,,,,,,,,,,,,,,checked,,,,,1,
engineering tools,,,,,,,,,,,,,,,,,checked,,,,,1,
customer: models,,,,,,,,,,,,,,,,,checked,,,,,1,
Through Thick & Thin,,,,,,,,,,,,,,,,,checked,,,,,1,
reimagine,,,,,,,,,,,,,,,,,checked,,,,,1,
ambitions,,,,,,,,,,,,,,,,,checked,,,,,1,
solutions,,,,,,,,,,,,,,,,,checked,,,,,1,
Applied Math,,,,,,,,,,,,,,,,,checked,,,,,1,
goals,,,,,,,,,,,,,,,,,checked,,,,,1,
MySQL,,,,,,,,,,,,,,,,,,checked,,,,1,
buckets,,,,,,,,,,,,,,,,,,checked,,,,1,
production environment,,,,,,,,,,,,,,,,,,checked,,,,1,
Social Network Analysis,,,,,,,,,,,,,,,,,,checked,,,,1,
curb toxicity,,,,,,,,,,,,,,,,,,checked,,,,1,
linking,,,,,,,,,,,,,,,,,,checked,,,,1,
Speech/Audio Processing,,,,,,,,,,,,,,,,,,checked,,,,1,
microservices,,,,,,,,,,,,,,,,,,checked,,,,1,
growth mindset,,,,,,,,,,,,,,,,,,checked,,,,1,
analysis,,,,,,,,,,,,,,,,,,checked,,,,1,
trade-offs,,,,,,,,,,,,,,,,,,checked,,,,1,
Solid understanding,,,,,,,,,,,,,,,,,,checked,,,,1,
data: semi-structured,,,,,,,,,,,,,,,,,,checked,,,,1,
checking-in,,,,,,,,,,,,,,,,,,checked,,,,1,
flat files,,,,,,,,,,,,,,,,,,checked,,,,1,
simplify,,,,,,,,,,,,,,,,,,checked,,,,1,
columnar,,,,,,,,,,,,,,,,,,checked,,,,1,
documenting code,,,,,,,,,,,,,,,,,,checked,,,,1,
lambda,,,,,,,,,,,,,,,,,,checked,,,,1,
reviewing,,,,,,,,,,,,,,,,,,checked,,,,1,
NoSQL,,,,,,,,,,,,,,,,,,checked,,,,1,
3+ years Bio,,,,,,,,,,,,,,,,,,,checked,,,1,
PDB,,,,,,,,,,,,,,,,,,,checked,,,1,
TCGA,,,,,,,,,,,,,,,,,,,checked,,,1,
Gene Ontology,,,,,,,,,,,,,,,,,,,checked,,,1,
data: biomedical,,,,,,,,,,,,,,,,,,,checked,,,1,
computational biology,,,,,,,,,,,,,,,,,,,checked,,,1,
regulome,,,,,,,,,,,,,,,,,,,checked,,,1,
Array Express,,,,,,,,,,,,,,,,,,,checked,,,1,
biology,,,,,,,,,,,,,,,,,,,checked,,,1,
omics,,,,,,,,,,,,,,,,,,,checked,,,1,
ELB,,,,,,,,,,,,,,,,,,,checked,,,1,
Human Protein Atlas,,,,,,,,,,,,,,,,,,,checked,,,1,
GEO,,,,,,,,,,,,,,,,,,,checked,,,1,
pioneering,,,,,,,,,,,,,,,,,,,checked,,,1,
recent graduate,,,,,,,,,,,,,,,,,,,checked,,,1,
EC2,,,,,,,,,,,,,,,,,,,checked,,,1,
Tumor Portal,,,,,,,,,,,,,,,,,,,checked,,,1,
ENSEMBL,,,,,,,,,,,,,,,,,,,checked,,,1,
protein-protein interaction,,,,,,,,,,,,,,,,,,,checked,,,1,
KEGG,,,,,,,,,,,,,,,,,,,checked,,,1,
R&D,,,,,,,,,,,,,,,,,,,checked,,,1,
Gene Expression Atlas,,,,,,,,,,,,,,,,,,,checked,,,1,
Reactome,,,,,,,,,,,,,,,,,,,checked,,,1,
LINCs,,,,,,,,,,,,,,,,,,,checked,,,1,
challenges,,,,,,,,,,,,,,,,,,,checked,,,1,
UniProt,,,,,,,,,,,,,,,,,,,checked,,,1,
STRING,,,,,,,,,,,,,,,,,,,checked,,,1,
immunology,,,,,,,,,,,,,,,,,,,checked,,,1,
1+ years DL FW,,,,,,,,,,,,,,,,,,,,checked,,1,
product-level thinking,,,,,,,,,,,,,,,,,,,,checked,,1,
1+ years NLP,,,,,,,,,,,,,,,,,,,,checked,,1,
1+ years DS,,,,,,,,,,,,,,,,,,,,checked,,1,
DL: neural information retrieval,,,,,,,,,,,,,,,,,,,,checked,,1,
vision,,,,,,,,,,,,,,,,,,,,checked,,1,
independent,,,,,,,,,,,,,,,,,,,,checked,,1,
Willingness,,,,,,,,,,,,,,,,,,,,checked,,1,
pivotal,,,,,,,,,,,,,,,,,,,,checked,,1,
ML: Scientist,,,,,,,,,,,,,,,,,,,,,checked,1,
ImageNet,,,,,,,,,,,,,,,,,,,,,checked,1,
Meta-Learning,,,,,,,,,,,,,,,,,,,,,checked,1,
data: efficiency,,,,,,,,,,,,,,,,,,,,,checked,1,
MNIST,,,,,,,,,,,,,,,,,,,,,checked,1,
from scratch,,,,,,,,,,,,,,,,,,,,,checked,1,
entropy analysis,,,,,,,,,,,,,,,,,,,,,checked,1,
CIFAR-10,,,,,,,,,,,,,,,,,,,,,checked,1,
active Learning,,,,,,,,,,,,,,,,,,,,,checked,1,
reinforcement learning,,,,,,,,,,,,,,,,,,,,,checked,1,
transfer learning,,,,,,,,,,,,,,,,,,,,,checked,1,
implications,,,,,,,,,,,,,,,,,,,,,,0,
instrumentation,,,,,,,,,,,,,,,,,,,,,,0,
straightforward,,,,,,,,,,,,,,,,,,,,,,0,
Z Z,,,,,,,,,,,,,,,,,,,,,,0,