,Term,Spotify_SFA,Spotify_Creator Promotion,Scribd,QDT,Zignal,WGU,Afterpay,Lumen,Kin + Carta,HashiCorp,Talentify,Trellance,Upgrade,Sprouts,Pngme,Posh,SigFig,GGWP,NExTNet,Dashworks,Alectio,TOTALS
0,Python,1,1,1,1,0,1,1,1,1,1,1,1,1,1,1,1,1,1,1,0,1,19
1,ML,0,0,1,1,0,0,0,0,0,1,1,1,1,1,1,1,1,1,0,1,1,13
2,collaborative,0,0,0,1,1,0,0,1,0,1,1,1,1,1,1,1,1,1,0,0,0,12
3,statistics,0,0,1,0,0,1,1,0,1,0,0,1,1,1,1,0,1,1,0,0,0,10
4,presentation,1,1,0,1,0,1,0,0,1,0,0,1,1,0,0,1,1,1,0,0,0,10
5,team,0,0,0,1,0,1,0,1,0,1,0,0,1,0,1,1,1,0,1,1,0,10
6,passion,0,0,0,1,1,1,0,0,0,1,0,0,1,1,0,1,0,1,0,1,1,10
7,with: non-technical,1,1,0,0,0,1,0,0,1,0,1,0,1,1,0,0,1,1,0,0,1,10
8,communication,1,1,0,0,0,0,1,0,1,0,1,1,0,0,0,1,1,1,0,1,0,10
9,SQL,0,1,1,1,0,1,1,0,1,0,0,1,0,0,1,0,1,0,0,0,0,9
10,computer science,1,0,1,0,0,0,1,0,1,0,0,0,0,1,1,0,1,0,1,0,0,8
11,DS,0,0,0,0,0,1,1,0,1,0,1,1,0,0,1,0,1,0,1,0,0,8
12,mathematics,0,0,1,0,0,0,1,0,1,0,0,1,1,1,1,1,0,0,0,0,0,8
13,implementation,0,0,0,1,1,0,0,0,0,1,1,1,1,1,0,0,0,0,0,1,0,8
14,modeling,0,1,0,1,1,0,0,1,0,1,1,0,0,1,0,1,0,0,0,0,0,8
15,data: pipelines,0,0,1,0,0,0,1,0,1,1,1,0,0,1,0,0,0,1,0,0,0,7
16,Tableau,0,1,0,1,0,1,1,0,1,0,0,1,0,0,0,0,1,0,0,0,0,7
17,data: engineering,0,0,0,1,0,1,0,0,1,1,0,0,0,0,1,1,0,1,0,0,0,7
18,data: mining,0,0,0,0,1,1,0,0,1,0,1,1,0,0,1,1,0,0,0,0,0,7
19,product: development,0,1,0,0,1,1,1,0,1,0,0,1,0,0,1,0,0,0,0,0,0,7
20,data analysis,0,0,0,0,1,1,0,0,1,1,1,0,0,0,1,0,0,1,0,0,0,7
21,quantitative,0,0,1,1,0,0,1,0,1,0,0,0,1,0,0,0,1,1,0,0,0,7
22,engineering,0,0,0,1,0,0,1,0,1,0,0,0,0,1,1,0,0,1,1,0,0,7
23,communication: written,0,0,1,0,0,1,0,1,0,0,0,0,0,1,0,1,1,1,0,0,0,7
24,impact,0,0,0,0,0,0,0,1,1,1,0,1,0,1,0,0,0,1,0,1,0,7
25,design experiments,1,1,0,0,0,0,0,0,0,1,0,0,0,0,1,0,1,0,1,1,0,7
26,TensorFlow,1,1,1,0,0,0,0,0,0,1,0,0,0,0,0,1,0,0,0,1,1,7
27,Spark,0,0,1,1,0,0,1,0,1,0,0,0,0,0,1,0,1,0,0,0,0,6
28,R,0,1,0,0,0,1,0,0,1,1,0,1,0,0,0,0,1,0,0,0,0,6
29,leadership,0,1,0,0,0,0,1,0,1,0,0,0,0,0,1,1,1,0,0,0,0,6
30,data: visualization,0,0,0,0,1,1,0,0,1,0,1,0,0,0,0,0,1,1,0,0,0,6
31,analytical,0,0,0,0,0,0,1,1,1,0,1,0,1,0,0,0,0,0,1,0,0,6
32,innovative,0,0,0,0,1,0,0,0,1,0,0,0,1,0,1,1,0,0,0,0,1,6
33,BI,0,0,1,0,0,0,0,0,1,0,1,1,1,0,0,0,1,0,0,0,0,6
34,learner,0,0,0,0,1,0,0,0,1,0,0,0,1,0,0,1,1,0,0,1,0,6
35,2+ years DS,0,0,0,0,0,0,0,0,1,0,1,0,1,1,0,0,0,1,0,0,1,6
36,AI,0,0,1,1,0,0,0,0,0,0,0,1,0,0,0,1,0,0,0,1,1,6
37,insight,0,0,0,0,1,0,0,0,0,0,0,1,0,0,1,0,1,1,1,0,0,6
38,research,1,0,1,0,0,0,0,0,0,0,1,0,0,0,0,1,0,0,0,0,1,5
39,DL,0,0,1,0,1,0,0,0,0,0,0,0,0,0,0,1,0,0,0,1,1,5
40,classification,0,0,1,1,0,0,0,0,0,1,0,1,0,0,0,1,0,0,0,0,0,5
41,predictive analytics,0,1,0,1,0,0,0,1,0,0,0,1,0,0,1,0,0,0,0,0,0,5
42,degree,0,1,0,0,0,0,0,0,0,0,1,0,0,0,1,0,1,1,0,0,0,5
43,data-driven-decision-making,1,1,0,0,0,1,1,0,1,0,0,0,0,0,0,0,0,0,0,0,0,5
44,storytelling,1,1,0,0,1,0,0,0,0,1,0,0,0,0,0,0,1,0,0,0,0,5
45,PyTorch,0,0,1,0,0,0,0,0,0,1,0,0,0,0,0,1,0,0,0,1,1,5
46,NLP,0,0,1,0,1,0,0,0,0,0,0,0,0,1,0,1,0,1,0,0,0,5
47,data: integrity,0,0,0,0,1,1,1,0,0,0,0,1,0,0,0,0,0,1,0,0,0,5
48,Bachelor's,0,0,0,0,1,0,1,0,0,0,0,1,0,1,0,0,1,0,0,0,0,5
49,diversity,0,0,0,0,0,1,0,1,1,0,0,0,1,0,1,0,0,0,0,0,0,5
50,inclusive,0,0,0,0,0,0,1,1,1,1,0,0,0,0,1,0,0,0,0,0,0,5
51,driven,0,0,0,0,0,0,0,0,0,0,0,0,1,0,1,1,1,0,0,1,0,5
52,communication: oral,0,0,1,0,0,1,0,0,0,0,0,0,0,1,0,0,1,0,0,0,0,4
53,data: unstructured,0,0,1,0,0,0,0,0,1,0,0,1,0,0,0,0,0,1,0,0,0,4
54,creative,1,0,0,0,0,0,0,0,1,0,0,0,0,0,0,1,0,1,0,0,0,4
55,dashboards,0,0,0,0,0,1,1,0,1,0,0,0,0,0,0,0,1,0,0,0,0,4
56,Big Data,0,0,0,1,0,0,0,0,1,0,0,0,0,0,1,0,0,0,1,0,0,4
57,AWS,0,0,0,0,1,0,0,0,1,0,0,0,0,0,0,0,0,1,1,0,0,4
58,end-to-end,0,0,0,0,1,0,0,0,1,0,0,0,0,1,0,0,0,1,0,0,0,4
59,data: feature extraction,0,0,0,0,1,0,0,0,0,0,0,1,0,1,0,0,0,1,0,0,0,4
60,stakeholders,0,0,0,0,0,1,1,0,1,0,0,1,0,0,0,0,0,0,0,0,0,4
61,committed,0,0,0,0,1,0,1,0,0,1,0,0,0,0,0,0,1,0,0,0,0,4
62,helpful,0,0,0,0,0,0,1,1,0,0,0,0,0,0,0,1,1,0,0,0,0,4
63,PhD,0,0,0,0,0,0,0,0,0,1,0,0,1,1,0,0,0,0,1,0,0,4
64,culture,0,0,0,0,0,0,0,0,0,0,0,0,1,0,1,0,1,0,0,1,0,4
65,with: technical,0,0,0,0,0,0,0,0,0,0,0,0,1,0,0,1,0,1,0,0,1,4
66,data: cleaning,0,0,0,1,0,1,0,0,0,0,0,1,0,0,0,0,0,1,0,0,0,4
67,Software Engineering,0,0,1,0,0,0,0,0,0,0,1,0,0,0,0,0,0,1,0,0,0,3
68,EDA,0,0,1,0,0,0,0,0,0,0,0,0,0,0,1,0,0,1,0,0,0,3
69,forecasting,0,1,0,1,0,0,0,0,0,1,0,0,0,0,0,0,0,0,0,0,0,3
70,explain,0,1,0,0,0,1,0,0,0,0,0,0,0,0,0,0,0,0,0,0,1,3
71,clustering,0,0,0,1,0,0,0,0,0,1,0,0,0,0,0,1,0,0,0,0,0,3
72,Hadoop,0,0,0,1,0,0,1,0,0,0,0,0,0,0,1,0,0,0,0,0,0,3
73,Hive,0,0,0,0,1,0,1,0,1,0,0,0,0,0,0,0,0,0,0,0,0,3
74,Scala,0,0,0,0,1,1,0,0,0,0,0,0,0,0,0,0,0,0,0,0,1,3
75,accessibility,0,0,0,0,0,1,1,0,0,0,0,0,0,0,0,0,1,0,0,0,0,3
76,dynamic,0,0,0,0,0,1,0,0,0,0,0,0,0,1,1,0,0,0,0,0,0,3
77,cross-discipline,0,0,0,0,0,1,0,0,1,0,0,1,0,0,0,0,0,0,0,0,0,3
78,Git,0,0,0,0,0,0,1,1,0,0,0,0,0,0,0,0,1,0,0,0,0,3
79,economics,0,0,0,0,0,0,1,0,0,0,0,0,0,0,0,0,1,1,0,0,0,3
80,detail-oriented,0,0,0,0,0,0,0,0,1,0,0,0,1,1,0,0,0,0,0,0,0,3
81,curiosity,0,0,0,0,0,0,0,0,1,0,0,0,0,0,0,1,0,0,0,1,0,3
82,cloud,0,0,0,0,0,0,0,0,1,1,0,0,0,0,0,0,0,1,0,0,0,3
83,scikit-learn,0,0,0,0,0,0,0,0,0,1,0,0,0,0,0,1,1,0,0,0,0,3
84,customer: churn,0,0,0,0,0,0,1,0,0,1,0,0,0,0,0,0,1,0,0,0,0,3
85,masterâ€™s,0,0,0,0,0,1,0,0,1,1,0,0,0,0,0,0,0,0,0,0,0,3
86,integration,0,0,0,0,0,0,1,0,0,1,0,0,0,0,0,0,0,0,1,0,0,3
87,regression,0,0,0,0,1,0,0,0,0,1,0,1,0,0,0,0,0,0,0,0,0,3
88,naive bayes,0,0,1,0,0,0,0,0,0,1,0,1,0,0,0,0,0,0,0,0,0,3
89,data: architecture,0,0,0,0,0,0,0,0,1,0,0,1,0,1,0,0,0,0,0,0,0,3
90,algorithms,0,0,0,0,0,0,0,0,0,0,0,1,0,0,0,1,0,0,0,0,1,3
91,NumPy,0,0,0,0,0,0,0,0,0,1,0,1,0,0,0,1,0,0,0,0,0,3
92,data: prep,0,0,0,0,0,0,0,0,0,0,0,1,0,0,0,0,0,0,1,0,1,3
93,fintech,0,0,0,0,0,0,0,0,0,0,0,1,1,0,1,0,0,0,0,0,0,3
94,data: structured,0,0,0,0,0,0,0,0,0,0,0,1,0,0,1,1,0,0,0,0,0,3
95,MS,0,0,0,0,0,0,0,0,0,0,0,0,1,1,0,0,0,0,1,0,0,3
96,customer: success,0,0,0,0,0,0,0,0,0,1,0,0,0,0,0,0,1,0,0,1,0,3
97,fast-paced,0,0,0,0,0,0,0,0,0,0,0,0,1,1,0,0,0,1,0,0,0,3
98,databases,0,0,0,0,0,1,0,0,0,0,0,0,0,0,0,0,0,1,1,0,0,3
99,graphs,0,0,0,0,1,1,0,0,0,0,0,0,0,0,0,0,0,1,0,0,0,3
100,evaluation,0,0,0,0,0,0,0,0,0,0,0,0,0,1,0,0,0,1,0,1,0,3
101,conferences,0,0,0,0,0,0,0,0,0,0,0,0,0,0,0,1,0,0,0,1,1,3
102,product: deployment,0,0,0,0,1,0,1,0,0,0,0,0,0,0,0,0,0,0,0,1,0,3
103,computer vision,0,0,1,0,0,0,0,1,0,0,0,0,0,0,0,0,0,0,0,0,0,2
104,educate,0,0,1,0,0,0,0,0,0,0,0,0,0,0,0,0,0,0,0,0,1,2
105,computational linguistics,0,0,1,0,0,0,0,0,0,0,0,0,0,0,0,1,0,0,0,0,0,2
106,3+ years DS,0,1,0,0,0,0,0,0,0,0,0,0,0,0,0,0,1,0,0,0,0,2
107,perspectives,1,0,0,0,0,0,0,0,0,1,0,0,0,0,0,0,0,0,0,0,0,2
108,background,1,0,0,0,0,0,0,0,0,1,0,0,0,0,0,0,0,0,0,0,0,2
109,mentorship,0,1,0,0,0,1,0,0,0,0,0,0,0,0,0,0,0,0,0,0,0,2
110,relationships ,0,1,0,0,0,0,0,0,0,0,0,0,0,0,0,1,0,0,0,0,0,2
111,automation,0,0,0,1,0,0,0,0,0,0,0,0,0,0,0,0,1,0,0,0,0,2
112,decision trees,0,0,0,0,1,0,0,0,0,1,0,0,0,0,0,0,0,0,0,0,0,2
113,S3,0,0,0,0,1,0,0,0,0,0,0,0,0,0,0,0,0,0,1,0,0,2
114,problem-solving,0,0,0,1,1,0,0,0,0,0,0,0,0,0,0,0,0,0,0,0,0,2
115,Databricks,0,0,0,0,1,0,1,0,0,0,0,0,0,0,0,0,0,0,0,0,0,2
116,5+ years DS,0,0,0,0,0,1,0,0,0,0,0,1,0,0,0,0,0,0,0,0,0,2
117,data: datasets,0,0,0,0,0,1,0,0,0,0,0,0,0,1,0,0,0,0,0,0,0,2
118,community,0,0,0,0,0,1,0,0,0,0,0,0,0,0,0,1,0,0,0,0,0,2
119,multivariate analysis,0,0,0,0,0,1,0,0,0,1,0,0,0,0,0,0,0,0,0,0,0,2
120,SAS,0,0,0,0,0,1,0,0,0,0,0,1,0,0,0,0,0,0,0,0,0,2
121,adoption,0,0,0,0,0,0,1,0,0,0,0,0,0,0,0,0,0,0,0,0,1,2
122,meaningful,0,0,0,0,0,0,1,0,0,0,0,0,1,0,0,0,0,0,0,0,0,2
123,Support,0,0,0,0,0,0,1,0,0,0,0,0,0,0,0,0,0,1,0,0,0,2
124,data: complex,0,0,0,0,0,0,1,0,0,0,0,0,0,0,0,0,1,0,0,0,0,2
125,partnerships,0,0,0,0,0,0,1,0,0,0,0,0,0,0,0,0,1,0,0,0,0,2
126,pattern-recognition,0,0,0,0,0,0,1,0,0,0,0,1,0,0,0,0,0,0,0,0,0,2
127,monitoring,0,0,0,0,0,0,0,1,0,0,1,0,0,0,0,0,0,0,0,0,0,2
128,uncertainty,0,0,0,0,0,0,0,1,0,1,0,0,0,0,0,0,0,0,0,0,0,2
129,revenue optimization,0,0,0,0,0,0,0,1,0,1,0,0,0,0,0,0,0,0,0,0,0,2
130,libraries,0,0,0,0,0,0,0,0,1,0,0,0,0,0,0,1,0,0,0,0,0,2
131,D3,0,0,0,0,0,0,0,0,1,0,0,0,0,0,0,0,1,0,0,0,0,2
132,optimization,0,0,0,0,0,0,0,0,1,0,0,0,0,0,0,0,1,0,0,0,0,2
133,REST APIs,0,0,0,0,0,0,0,0,1,0,0,0,0,0,0,0,1,0,0,0,0,2
134,fun,0,0,0,0,0,0,0,0,1,0,0,0,0,0,0,0,1,0,0,0,0,2
135,CSS,0,0,0,0,0,0,0,0,1,0,0,0,0,0,0,0,0,1,0,0,0,2
136,consulting,0,0,0,0,0,0,0,0,1,0,0,1,0,0,0,0,0,0,0,0,0,2
137,talented,0,0,0,0,0,0,0,0,0,1,0,0,0,0,0,0,0,1,0,0,0,2
138,Pandas,0,0,0,0,0,0,0,0,0,1,0,0,0,0,0,0,1,0,0,0,0,2
139,finance,0,0,0,0,0,0,0,0,0,1,0,1,0,0,0,0,0,0,0,0,0,2
140,ensemble methods,0,0,0,0,1,0,0,0,0,1,0,0,0,0,0,0,0,0,0,0,0,2
141,hands-on,0,0,0,0,0,0,0,0,0,0,1,0,0,1,0,0,0,0,0,0,0,2
142,querying,0,0,0,0,0,0,0,0,0,0,1,0,0,0,0,0,0,1,0,0,0,2
143,communicate: technical,0,0,0,0,0,0,0,0,0,0,1,0,0,0,0,1,0,0,0,0,0,2
144,methodical,0,0,0,0,0,0,0,0,0,0,0,1,0,0,0,1,0,0,0,0,0,2
145,Java,0,0,0,0,0,0,0,0,0,0,0,1,0,0,0,0,0,0,0,0,1,2
146,error analysis,0,0,0,0,0,0,0,0,0,0,0,1,0,1,0,0,0,0,0,0,0,2
147,ad-hoc,0,0,0,0,0,0,0,0,0,0,0,1,0,1,0,0,0,0,0,0,0,2
148,Random Forest,0,0,0,0,0,0,0,0,0,1,0,0,1,0,0,0,0,0,0,0,0,2
149,development,0,0,0,0,0,0,0,0,0,0,0,0,1,0,0,0,0,0,1,0,0,2
150,certification,0,0,0,1,0,0,0,0,0,0,0,0,0,1,0,0,0,0,0,0,0,2
151,growth,0,0,0,0,0,0,0,0,1,0,0,0,0,1,0,0,0,0,0,0,0,2
152,ML: ops,0,0,0,0,0,0,0,0,0,0,0,0,0,1,0,0,0,0,0,0,1,2
153,building,0,0,0,0,0,0,0,0,0,0,0,0,0,1,0,1,0,0,0,0,0,2
154,labeling,0,1,0,0,0,0,0,0,0,0,0,0,0,1,0,0,0,0,0,0,0,2
155,organized,0,0,0,0,0,0,1,0,0,0,0,0,0,1,0,0,0,0,0,0,0,2
156,conversation,0,0,0,0,0,0,0,0,0,0,0,0,0,0,1,0,1,0,0,0,0,2
157,scientific community,0,0,0,0,0,0,0,0,0,0,0,0,0,0,0,1,0,1,0,0,0,2
158,positive attitude,0,0,0,0,0,0,0,0,0,0,0,0,0,0,0,1,0,1,0,0,0,2
159,product: recommendation,0,0,0,0,0,0,0,0,0,0,0,0,0,0,0,1,1,0,0,0,0,2
160,information retrieval,0,0,0,0,0,0,0,0,0,0,0,0,0,0,0,1,0,0,0,1,0,2
161,owner,0,0,0,0,0,0,0,0,0,0,0,0,0,0,0,1,0,0,0,1,0,2
162,core values,0,0,0,0,0,0,0,0,0,0,0,0,0,0,0,1,1,0,0,0,0,2
163,customer-centric,0,0,0,0,0,0,0,0,0,0,0,0,0,0,0,0,1,1,0,0,0,2
164,reports,0,0,0,0,0,1,0,0,0,0,0,0,0,0,0,0,1,0,0,0,0,2
165,business logic,0,0,0,0,0,0,0,0,0,1,0,0,0,0,0,0,1,0,0,0,0,2
166,Think Big,0,0,0,0,0,0,0,0,0,0,0,0,0,0,0,0,1,0,0,0,1,2
167,NLP: conversational,0,0,0,0,0,0,0,0,0,0,0,0,0,0,0,1,1,0,0,0,0,2
168,propose improvements,0,0,0,0,0,0,0,0,0,0,0,0,0,0,0,1,1,0,0,0,0,2
169,maker,0,0,0,0,0,0,0,0,1,0,0,0,0,0,0,0,1,0,0,0,0,2
170,deployment,0,0,0,0,0,0,0,0,0,0,0,0,0,0,0,0,1,0,0,1,0,2
171,intuitive,0,0,0,0,0,0,0,0,0,0,0,0,0,0,0,0,1,0,0,1,0,2
172,empower,0,0,0,0,0,0,0,0,0,0,0,0,0,0,0,0,1,0,0,1,0,2
173,customer: services,0,0,0,0,0,0,0,0,0,0,0,1,0,0,0,0,1,0,0,0,0,2
174,disrupt,0,0,0,0,0,0,0,0,0,0,0,0,0,0,0,0,1,0,0,0,1,2
175,segmentation,0,0,0,0,0,0,0,0,0,0,0,0,0,0,0,0,1,1,0,0,0,2
176,DynamoDB,0,0,0,0,0,0,0,0,0,0,0,0,0,0,0,0,0,1,1,0,0,2
177,models: eval,0,0,0,0,0,0,0,0,0,0,0,0,1,0,0,0,0,1,0,0,0,2
178,interested,0,0,0,0,0,0,0,0,0,0,0,0,0,0,0,1,0,0,1,0,0,2
179,testing,0,0,0,0,0,0,0,0,0,0,1,0,0,0,0,0,0,0,1,0,0,2
180,cross-functional,0,0,0,0,0,0,0,1,0,0,0,0,0,0,0,0,0,0,1,0,0,2
181,comfortable,0,0,0,0,0,0,0,0,0,0,0,0,0,0,0,0,0,0,1,1,0,2
182,Keras,0,0,0,0,0,0,0,0,0,1,0,0,0,0,0,0,0,0,0,0,1,2
183,frequentist,0,0,1,0,0,0,0,0,0,0,0,0,0,0,0,0,0,0,0,0,0,1
184,intentional,0,0,1,0,0,0,0,0,0,0,0,0,0,0,0,0,0,0,0,0,0,1
185,full-stack,0,0,1,0,0,0,0,0,0,0,0,0,0,0,0,0,0,0,0,0,0,1
186,data: multi-modal,0,0,1,0,0,0,0,0,0,0,0,0,0,0,0,0,0,0,0,0,0,1
187,data: meta,0,0,1,0,0,0,0,0,0,0,0,0,0,0,0,0,0,0,0,0,0,1
188,BigQuery,0,1,0,0,0,0,0,0,0,0,0,0,0,0,0,0,0,0,0,0,0,1
189,metrics,0,1,0,0,0,0,0,0,0,0,0,0,0,0,0,0,0,0,0,0,0,1
190,diverse experience,1,0,0,0,0,0,0,0,0,0,0,0,0,0,0,0,0,0,0,0,0,1
191,forward-thinking,1,0,0,0,0,0,0,0,0,0,0,0,0,0,0,0,0,0,0,0,0,1
192,rigor,0,1,0,0,0,0,0,0,0,0,0,0,0,0,0,0,0,0,0,0,0,1
193,coach,0,1,0,0,0,0,0,0,0,0,0,0,0,0,0,0,0,0,0,0,0,1
194,reading,0,0,1,0,0,0,0,0,0,0,0,0,0,0,0,0,0,0,0,0,0,1
195,Cassandra,0,0,0,1,0,0,0,0,0,0,0,0,0,0,0,0,0,0,0,0,0,1
196,optimized signal aggregation,0,0,0,1,0,0,0,0,0,0,0,0,0,0,0,0,0,0,0,0,0,1
197,opportunistic,0,0,0,1,0,0,0,0,0,0,0,0,0,0,0,0,0,0,0,0,0,1
198,trading strategy,0,0,0,1,0,0,0,0,0,0,0,0,0,0,0,0,0,0,0,0,0,1
199,focused,0,0,0,1,0,0,0,0,0,0,0,0,0,0,0,0,0,0,0,0,0,1
200,specialization,0,0,0,1,0,0,0,0,0,0,0,0,0,0,0,0,0,0,0,0,0,1
201,resourceful,0,0,0,1,0,0,0,0,0,0,0,0,0,0,0,0,0,0,0,0,0,1
202,Plotly,0,0,0,1,0,0,0,0,0,0,0,0,0,0,0,0,0,0,0,0,0,1
203,NLP: extracted text,0,0,0,1,0,0,0,0,0,0,0,0,0,0,0,0,0,0,0,0,0,1
204,8+ years Q,0,0,0,0,1,0,0,0,0,0,0,0,0,0,0,0,0,0,0,0,0,1
205,named entity recognition,0,0,0,0,1,0,0,0,0,0,0,0,0,0,0,0,0,0,0,0,0,1
206,transparent,0,0,0,0,1,0,0,0,0,0,0,0,0,0,0,0,0,0,0,0,0,1
207,data: algorithms,0,0,0,0,1,0,0,0,0,0,0,0,0,0,0,0,0,0,0,0,0,1
208,NLP: emotion analysis,0,0,0,0,1,0,0,0,0,0,0,0,0,0,0,0,0,0,0,0,0,1
209,NLP: parsing,0,0,0,0,1,0,0,0,0,0,0,0,0,0,0,0,0,0,0,0,0,1
210,NLP: shallow parsing,0,0,0,0,1,0,0,0,0,0,0,0,0,0,0,0,0,0,0,0,0,1
211,SageMaker,0,0,0,0,1,0,0,0,0,0,0,0,0,0,0,0,0,0,0,0,0,1
212,nice,0,0,0,0,1,0,0,0,0,0,0,0,0,0,0,0,0,0,0,0,0,1
213,ground tuth,0,0,0,0,1,0,0,0,0,0,0,0,0,0,0,0,0,0,0,0,0,1
214,Elasticsearch,0,0,0,0,1,0,0,0,0,0,0,0,0,0,0,0,0,0,0,0,0,1
215,model: eval,0,0,0,0,1,0,0,0,0,0,0,0,0,0,0,0,0,0,0,0,0,1
216,PythonSpark,0,0,0,0,1,0,0,0,0,0,0,0,0,0,0,0,0,0,0,0,0,1
217,Neo4j,0,0,0,0,1,0,0,0,0,0,0,0,0,0,0,0,0,0,0,0,0,1
218,media,0,0,0,0,1,0,0,0,0,0,0,0,0,0,0,0,0,0,0,0,0,1
219,NLP: sentiment analysis,0,0,0,0,1,0,0,0,0,0,0,0,0,0,0,0,0,0,0,0,0,1
220,constituency,0,0,0,0,1,0,0,0,0,0,0,0,0,0,0,0,0,0,0,0,0,1
221,dependency,0,0,0,0,1,0,0,0,0,0,0,0,0,0,0,0,0,0,0,0,0,1
222,learning analytics,0,0,0,0,0,1,0,0,0,0,0,0,0,0,0,0,0,0,0,0,0,1
223,charts,0,0,0,0,0,1,0,0,0,0,0,0,0,0,0,0,0,0,0,0,0,1
224,nights/weekends,0,0,0,0,0,1,0,0,0,0,0,0,0,0,0,0,0,0,0,0,0,1
225,interpersonal,0,0,0,0,0,1,0,0,0,0,0,0,0,0,0,0,0,0,0,0,0,1
226, data: educational,0,0,0,0,0,1,0,0,0,0,0,0,0,0,0,0,0,0,0,0,0,1
227,data: transformation,0,0,0,0,0,1,0,0,0,0,0,0,0,0,0,0,0,0,0,0,0,1
228,multi-task,0,0,0,0,0,1,0,0,0,0,0,0,0,0,0,0,0,0,0,0,0,1
229,identify,0,0,0,0,0,1,0,0,0,0,0,0,0,0,0,0,0,0,0,0,0,1
230,learning science,0,0,0,0,0,1,0,0,0,0,0,0,0,0,0,0,0,0,0,0,0,1
231,performance metrics,0,0,0,0,0,1,0,0,0,0,0,0,0,0,0,0,0,0,0,0,0,1
232,better future,0,0,0,0,0,1,0,0,0,0,0,0,0,0,0,0,0,0,0,0,0,1
233,Bi-lingual,0,0,0,0,0,1,0,0,0,0,0,0,0,0,0,0,0,0,0,0,0,1
234,data: availability,0,0,0,0,0,1,0,0,0,0,0,0,0,0,0,0,0,0,0,0,0,1
235,student-focused,0,0,0,0,0,1,0,0,0,0,0,0,0,0,0,0,0,0,0,0,0,1
236,psychology,0,0,0,0,0,1,0,0,0,0,0,0,0,0,0,0,0,0,0,0,0,1
237,tables,0,0,0,0,0,1,0,0,0,0,0,0,0,0,0,0,0,0,0,0,0,1
238,business value,0,0,0,0,0,1,0,0,0,0,0,0,0,0,0,0,0,0,0,0,0,1
239,5+ years: IT consult,0,0,0,0,0,0,1,0,0,0,0,0,0,0,0,0,0,0,0,0,0,1
240,high technical bar,0,0,0,0,0,0,1,0,0,0,0,0,0,0,0,0,0,0,0,0,0,1
241,support growth,0,0,0,0,0,0,1,0,0,0,0,0,0,0,0,0,0,0,0,0,0,1
242,product: features,0,0,0,0,0,0,1,0,0,0,0,0,0,0,0,0,0,0,0,0,0,1
243,business performance,0,0,0,0,0,0,1,0,0,0,0,0,0,0,0,0,0,0,0,0,0,1
244,responsible,0,0,0,0,0,0,1,0,0,0,0,0,0,0,0,0,0,0,0,0,0,1
245,Looker,0,0,0,0,0,0,1,0,0,0,0,0,0,0,0,0,0,0,0,0,0,1
246,A/ B testing,0,0,0,0,0,0,1,0,0,0,0,0,0,0,0,0,0,0,0,0,0,1
247,Snowflake,0,0,0,0,0,0,1,0,0,0,0,0,0,0,0,0,0,0,0,0,0,1
248,Sumo Logic,0,0,0,0,0,0,1,0,0,0,0,0,0,0,0,0,0,0,0,0,0,1
249, business strategy,0,0,0,0,0,0,1,0,0,0,0,0,0,0,0,0,0,0,0,0,0,1
250,troubleshooting,0,0,0,0,0,0,1,0,0,0,0,0,0,0,0,0,0,0,0,0,0,1
251,pragmatic,0,0,0,0,0,0,1,0,0,0,0,0,0,0,0,0,0,0,0,0,0,1
252,fair,0,0,0,0,0,0,1,0,0,0,0,0,0,0,0,0,0,0,0,0,0,1
253,datamarts,0,0,0,0,0,0,1,0,0,0,0,0,0,0,0,0,0,0,0,0,0,1
254,Amplitude,0,0,0,0,0,0,1,0,0,0,0,0,0,0,0,0,0,0,0,0,0,1
255,scaling,0,0,0,0,0,0,1,0,0,0,0,0,0,0,0,0,0,0,0,0,0,1
256,operations,0,0,0,0,0,0,1,0,0,0,0,0,0,0,0,0,0,0,0,0,0,1
257,data: reports,0,0,0,0,0,0,1,0,0,0,0,0,0,0,0,0,0,0,0,0,0,1
258,GTM,0,0,0,0,0,0,1,0,0,0,0,0,0,0,0,0,0,0,0,0,0,1
259,Assist,0,0,0,0,0,0,1,0,0,0,0,0,0,0,0,0,0,0,0,0,0,1
260,RCA,0,0,0,0,0,0,1,0,0,0,0,0,0,0,0,0,0,0,0,0,0,1
261,debugging,0,0,0,0,0,0,0,1,0,0,0,0,0,0,0,0,0,0,0,0,0,1
262,energy technologies,0,0,0,0,0,0,0,1,0,0,0,0,0,0,0,0,0,0,0,0,0,1
263,geospatial data,0,0,0,0,0,0,0,1,0,0,0,0,0,0,0,0,0,0,0,0,0,1
264,GIS,0,0,0,0,0,0,0,1,0,0,0,0,0,0,0,0,0,0,0,0,0,1
265,models: pricing,0,0,0,0,0,0,0,1,0,0,0,0,0,0,0,0,0,0,0,0,0,1
266,"customer: usage
",0,0,0,0,0,0,0,1,0,0,0,0,0,0,0,0,0,0,0,0,0,1
267,customer: cost,0,0,0,0,0,0,0,1,0,0,0,0,0,0,0,0,0,0,0,0,0,1
268,risks,0,0,0,0,0,0,0,0,1,0,0,0,0,0,0,0,0,0,0,0,0,1
269,Pig,0,0,0,0,0,0,0,0,1,0,0,0,0,0,0,0,0,0,0,0,0,1
270,Architecting,0,0,0,0,0,0,0,0,1,0,0,0,0,0,0,0,0,0,0,0,0,1
271,Impala,0,0,0,0,0,0,0,0,1,0,0,0,0,0,0,0,0,0,0,0,0,1
272,modernize,0,0,0,0,0,0,0,0,1,0,0,0,0,0,0,0,0,0,0,0,0,1
273,GraphQL,0,0,0,0,0,0,0,0,1,0,0,0,0,0,0,0,0,0,0,0,0,1
274,data: organization,0,0,0,0,0,0,0,0,1,0,0,0,0,0,0,0,0,0,0,0,0,1
275,data: multi-dimensional,0,0,0,0,0,0,0,0,1,0,0,0,0,0,0,0,0,0,0,0,0,1
276,APIs,0,0,0,0,0,0,0,0,1,0,0,0,0,0,0,0,0,0,0,0,0,1
277,HTML,0,0,0,0,0,0,0,0,1,0,0,0,0,0,0,0,0,0,0,0,0,1
278,contribute,0,0,0,0,0,0,0,0,1,0,0,0,0,0,0,0,0,0,0,0,0,1
279,world-changing,0,0,0,0,0,0,0,0,1,0,0,0,0,0,0,0,0,0,0,0,0,1
280,UNIX,0,0,0,0,0,0,0,0,1,0,0,0,0,0,0,0,0,0,0,0,0,1
281,React,0,0,0,0,0,0,0,0,1,0,0,0,0,0,0,0,0,0,0,0,0,1
282,Luigi,0,0,0,0,0,0,0,0,1,0,0,0,0,0,0,0,0,0,0,0,0,1
283,Azure,0,0,0,0,0,0,0,0,1,0,0,0,0,0,0,0,0,0,0,0,0,1
284,connections,0,0,0,0,0,0,0,0,1,0,0,0,0,0,0,0,0,0,0,0,0,1
285,ggplot2,0,0,0,0,0,0,0,0,1,0,0,0,0,0,0,0,0,0,0,0,0,1
286,specialism,0,0,0,0,0,0,0,0,1,0,0,0,0,0,0,0,0,0,0,0,0,1
287,Vue,0,0,0,0,0,0,0,0,1,0,0,0,0,0,0,0,0,0,0,0,0,1
288,matplotlib,0,0,0,0,0,0,0,0,1,0,0,0,0,0,0,0,0,0,0,0,0,1
289,Airflow,0,0,0,0,0,0,0,0,1,0,0,0,0,0,0,0,0,0,0,0,0,1
290,awareness,0,0,0,0,0,0,0,0,1,0,0,0,0,0,0,0,0,0,0,0,0,1
291,Javascript,0,0,0,0,0,0,0,0,1,0,0,0,0,0,0,0,0,0,0,0,0,1
292,PowerBI,0,0,0,0,0,0,0,0,1,0,0,0,0,0,0,0,0,0,0,0,0,1
293,Prefect,0,0,0,0,0,0,0,0,1,0,0,0,0,0,0,0,0,0,0,0,0,1
294,seaborn,0,0,0,0,0,0,0,0,1,0,0,0,0,0,0,0,0,0,0,0,0,1
295,KPIs,0,0,0,0,0,0,0,0,1,0,0,0,0,0,0,0,0,0,0,0,0,1
296,builders,0,0,0,0,0,0,0,0,1,0,0,0,0,0,0,0,0,0,0,0,0,1
297,business decisions,0,0,0,0,0,0,0,0,1,0,0,0,0,0,0,0,0,0,0,0,0,1
298,timelines,0,0,0,0,0,0,0,0,1,0,0,0,0,0,0,0,0,0,0,0,0,1
299,dependences,0,0,0,0,0,0,0,0,1,0,0,0,0,0,0,0,0,0,0,0,0,1
300,tracking,0,0,0,0,0,0,0,0,1,0,0,0,0,0,0,0,0,0,0,0,0,1
301,AngularJS,0,0,0,0,0,0,0,0,1,0,0,0,0,0,0,0,0,0,0,0,0,1
302,Equity,0,0,0,0,0,0,0,0,1,0,0,0,0,0,0,0,0,0,0,0,0,1
303,bokeh,0,0,0,0,0,0,0,0,1,0,0,0,0,0,0,0,0,0,0,0,0,1
304,ARIMA,0,0,0,0,0,0,0,0,0,1,0,0,0,0,0,0,0,0,0,0,0,1
305,GBM,0,0,0,0,0,0,0,0,0,1,0,0,0,0,0,0,0,0,0,0,0,1
306,Partnership Ecosystem,0,0,0,0,0,0,0,0,0,1,0,0,0,0,0,0,0,0,0,0,0,1
307,data: foundations,0,0,0,0,0,0,0,0,0,1,0,0,0,0,0,0,0,0,0,0,0,1
308,timely actions,0,0,0,0,0,0,0,0,0,1,0,0,0,0,0,0,0,0,0,0,0,1
309,LSTM,0,0,0,0,0,0,0,0,0,1,0,0,0,0,0,0,0,0,0,0,0,1
310,DL: hyper-parameter tuning,0,0,0,0,0,0,0,0,0,1,0,0,0,0,0,0,0,0,0,0,0,1
311,Sales,0,0,0,0,0,0,0,0,0,1,0,0,0,0,0,0,0,0,0,0,0,1
312,supervised learning,0,0,0,0,0,0,0,0,0,1,0,0,0,0,0,0,0,0,0,0,0,1
313,Markov,0,0,0,0,0,0,0,0,0,1,0,0,0,0,0,0,0,0,0,0,0,1
314,consumption-based,0,0,0,0,0,0,0,0,0,1,0,0,0,0,0,0,0,0,0,0,0,1
315,bookings,0,0,0,0,0,0,0,0,0,1,0,0,0,0,0,0,0,0,0,0,0,1
316,reduction,0,0,0,0,0,0,0,0,0,1,0,0,0,0,0,0,0,0,0,0,0,1
317, customer insights,0,0,0,0,0,0,0,0,0,1,0,0,0,0,0,0,0,0,0,0,0,1
318," monte carlo
",0,0,0,0,0,0,0,0,0,1,0,0,0,0,0,0,0,0,0,0,0,1
319,RNN,0,0,0,0,0,0,0,0,0,1,0,0,0,0,0,0,0,0,0,0,0,1
320,data: dimensionality,0,0,0,0,0,0,0,0,0,1,0,0,0,0,0,0,0,0,0,0,0,1
321,association mining,0,0,0,0,0,0,0,0,0,1,0,0,0,0,0,0,0,0,0,0,0,1
322,Univariate analysis,0,0,0,0,0,0,0,0,0,1,0,0,0,0,0,0,0,0,0,0,0,1
323,customer: acquisition,0,0,0,0,0,0,0,0,0,1,0,0,0,0,0,0,0,0,0,0,0,1
324,conversion,0,0,0,0,0,0,0,0,0,1,0,0,0,0,0,0,0,0,0,0,0,1
325,generation-defining,0,0,0,0,0,0,0,0,0,1,0,0,0,0,0,0,0,0,0,0,0,1
326,unsupervised learning,0,0,0,0,0,0,0,0,0,1,0,0,0,0,0,0,0,0,0,0,0,1
327,techniques,0,0,0,0,0,0,0,0,0,1,0,0,0,0,0,0,0,0,0,0,0,1
328,market intelligence,0,0,0,0,0,0,0,0,0,0,1,0,0,0,0,0,0,0,0,0,0,1
329,calculation efficiency,0,0,0,0,0,0,0,0,0,0,1,0,0,0,0,0,0,0,0,0,0,1
330,data: adjusting ,0,0,0,0,0,0,0,0,0,0,1,0,0,0,0,0,0,0,0,0,0,1
331,Ruby,0,0,0,0,0,0,0,0,0,0,1,0,0,0,0,0,0,0,0,0,0,1
332,MongoDB,0,0,0,0,0,0,0,0,0,0,1,0,0,0,0,0,0,0,0,0,0,1
333,4+ years Q,0,0,0,0,0,0,0,0,0,0,0,1,0,0,0,0,0,0,0,0,0,1
334,statistical,0,0,0,0,0,0,0,0,0,0,0,1,0,0,0,0,0,0,0,0,0,1
335,Weka,0,0,0,0,0,0,0,0,0,0,0,1,0,0,0,0,0,0,0,0,0,1
336,BA,0,0,0,0,0,0,0,0,0,0,0,1,0,0,0,0,0,0,0,0,0,1
337,manage risk,0,0,0,0,0,0,0,0,0,0,0,1,0,0,0,0,0,0,0,0,0,1
338,Excel,0,0,0,0,0,0,0,0,0,0,0,1,0,0,0,0,0,0,0,0,0,1
339,efficiency,0,0,0,0,0,0,0,0,0,0,0,1,0,0,0,0,0,0,0,0,0,1
340,member experience,0,0,0,0,0,0,0,0,0,0,0,1,0,0,0,0,0,0,0,0,0,1
341,consumer,0,0,0,0,0,0,0,0,0,0,0,1,0,0,0,0,0,0,0,0,0,1
342,Decision Forests,0,0,0,0,0,0,0,0,0,0,0,1,0,0,0,0,0,0,0,0,0,1
343,MatLab,0,0,0,0,0,0,0,0,0,0,0,1,0,0,0,0,0,0,0,0,0,1
344,models: improvement,0,0,0,0,0,0,0,0,0,0,0,1,0,0,0,0,0,0,0,0,0,1
345,PowerPoint,0,0,0,0,0,0,0,0,0,0,0,1,0,0,0,0,0,0,0,0,0,1
346,anomaly detection,0,0,0,0,0,0,0,0,0,0,0,1,0,0,0,0,0,0,0,0,0,1
347,retail banking,0,0,0,0,0,0,0,0,0,0,0,1,0,0,0,0,0,0,0,0,0,1
348,KNN,0,0,0,0,0,0,0,0,0,0,0,1,0,0,0,0,0,0,0,0,0,1
349,SVM,0,0,0,0,0,0,0,0,0,0,0,1,0,0,0,0,0,0,0,0,0,1
350,BS,0,0,0,0,0,0,0,0,0,0,0,1,0,0,0,0,0,0,0,0,0,1
351,metric accuracy,0,0,0,0,0,0,0,0,0,0,0,1,0,0,0,0,0,0,0,0,0,1
352,union banking,0,0,0,0,0,0,0,0,0,0,0,1,0,0,0,0,0,0,0,0,0,1
353,technical topics,0,0,0,0,0,0,0,0,0,0,0,0,1,0,0,0,0,0,0,0,0,1
354,operations,0,0,0,0,0,0,0,0,0,0,0,0,1,0,0,0,0,0,0,0,0,1
355,credit risk,0,0,0,0,0,0,0,0,0,0,0,0,1,0,0,0,0,0,0,0,0,1
356,Recently graduated,0,0,0,0,0,0,0,0,0,0,0,0,1,0,0,0,0,0,0,0,0,1
357,proactive,0,0,0,0,0,0,0,0,0,0,0,0,1,0,0,0,0,0,0,0,0,1
358,write: documentation,0,0,0,0,0,0,0,0,0,0,0,0,1,0,0,0,0,0,0,0,0,1
359,Marketing,0,0,0,0,0,0,0,0,0,0,0,0,1,0,0,0,0,0,0,0,0,1
360,Actively research,0,0,0,0,0,0,0,0,0,0,0,0,1,0,0,0,0,0,0,0,0,1
361,fraud,0,0,0,0,0,0,0,0,0,0,0,0,1,0,0,0,0,0,0,0,0,1
362,Gradient Boosted Trees,0,0,0,0,0,0,0,0,0,0,0,0,1,0,0,0,0,0,0,0,0,1
363,odeling,0,0,0,0,0,0,0,0,0,0,0,0,1,0,0,0,0,0,0,0,0,1
364,Financial Times,0,0,0,0,0,0,0,0,0,0,0,0,1,0,0,0,0,0,0,0,0,1
365,platforms,0,0,0,0,0,0,0,0,0,0,0,0,0,1,0,0,0,0,0,0,0,1
366,C++,0,0,0,0,0,0,0,0,0,0,0,0,0,1,0,0,0,0,0,0,0,1
367,confidence intervals,0,0,0,0,0,0,0,0,0,0,0,0,0,1,0,0,0,0,0,0,0,1
368,model serving,0,0,0,0,0,0,0,0,0,0,0,0,0,1,0,0,0,0,0,0,0,1
369,C,0,0,0,0,0,0,0,0,0,0,0,0,0,1,0,0,0,0,0,0,0,1
370,4+ years DS,0,0,0,0,0,0,0,0,0,0,0,0,0,0,1,0,0,0,0,0,0,1
371,Apache,0,0,0,0,0,0,0,0,0,0,0,0,0,0,1,0,0,0,0,0,0,1
372,data: financial,0,0,0,0,0,0,0,0,0,0,0,0,0,0,1,0,0,0,0,0,0,1
373,people,0,0,0,0,0,0,0,0,0,0,0,0,0,0,1,0,0,0,0,0,0,1
374,discussion,0,0,0,0,0,0,0,0,0,0,0,0,0,0,1,0,0,0,0,0,0,1
375,product: culture,0,0,0,0,0,0,0,0,0,0,0,0,0,0,1,0,0,0,0,0,0,1
376,equal access,0,0,0,0,0,0,0,0,0,0,0,0,0,0,1,0,0,0,0,0,0,1
377,meetings,0,0,0,0,0,0,0,0,0,0,0,0,0,0,1,0,0,0,0,0,0,1
378,EMR,0,0,0,0,0,0,0,0,0,0,0,0,0,0,1,0,0,0,0,0,0,1
379,probability,0,0,0,0,0,0,0,0,0,0,0,0,0,0,1,0,0,0,0,0,0,1
380,DS: perspective,0,0,0,0,0,0,0,0,0,0,0,0,0,0,1,0,0,0,0,0,0,1
381,2+ years NLP,0,0,0,0,0,0,0,0,0,0,0,0,0,0,0,1,0,0,0,0,0,1
382,semi-supervised learning,0,0,0,0,0,0,0,0,0,0,0,0,0,0,0,1,0,0,0,0,0,1
383,creative writers,0,0,0,0,0,0,0,0,0,0,0,0,0,0,0,1,0,0,0,0,0,1
384,Arxiv,0,0,0,0,0,0,0,0,0,0,0,0,0,0,0,1,0,0,0,0,0,1
385,deliver,0,0,0,0,0,0,0,0,0,0,0,0,0,0,0,1,0,0,0,0,0,1
386,hobbies,0,0,0,0,0,0,0,0,0,0,0,0,0,0,0,1,0,0,0,0,0,1
387,Post-graduate,0,0,0,0,0,0,0,0,0,0,0,0,0,0,0,1,0,0,0,0,0,1
388,Software Development,0,0,0,0,0,0,0,0,0,0,0,0,0,0,0,1,0,0,0,0,0,1
389,philosophy,0,0,0,0,0,0,0,0,0,0,0,0,0,0,0,1,0,0,0,0,0,1
390,NLP: summarization,0,0,0,0,0,0,0,0,0,0,0,0,0,0,0,1,0,0,0,0,0,1
391,scientific process,0,0,0,0,0,0,0,0,0,0,0,0,0,0,0,1,0,0,0,0,0,1
392,data: intent recognition,0,0,0,0,0,0,0,0,0,0,0,0,0,0,0,1,0,0,0,0,0,1
393,end-user experience,0,0,0,0,0,0,0,0,0,0,0,0,0,0,0,1,0,0,0,0,0,1
394,NLP: classification,0,0,0,0,0,0,0,0,0,0,0,0,0,0,0,1,0,0,0,0,0,1
395,Linguistics,0,0,0,0,0,0,0,0,0,0,0,0,0,0,0,1,0,0,0,0,0,1
396,abstract language modeling,0,0,0,0,0,0,0,0,0,0,0,0,0,0,0,1,0,0,0,0,0,1
397,content personalization,0,0,0,0,0,0,0,0,0,0,0,0,0,0,0,1,0,0,0,0,0,1
398,all audiences,0,0,0,0,0,0,0,0,0,0,0,0,0,0,0,1,0,0,0,0,0,1
399,exciting,0,0,0,0,0,0,0,0,0,0,0,0,0,0,0,1,0,0,0,0,0,1
400,NLP: semantic,0,0,0,0,0,0,0,0,0,0,0,0,0,0,0,1,0,0,0,0,0,1
401,privacy,0,0,0,0,0,0,0,0,0,0,0,0,0,0,0,1,0,0,0,0,0,1
402,trusting,0,0,0,0,0,0,0,0,0,0,0,0,0,0,0,1,0,0,0,0,0,1
403,democratizing,0,0,0,0,0,0,0,0,0,0,0,0,0,0,0,1,0,0,0,0,0,1
404,Actively,0,0,0,0,0,0,0,0,0,0,0,0,0,0,0,1,0,0,0,0,0,1
405,outside of work,0,0,0,0,0,0,0,0,0,0,0,0,0,0,0,1,0,0,0,0,0,1
406,digital banking,0,0,0,0,0,0,0,0,0,0,0,0,0,0,0,1,0,0,0,0,0,1
407,up-to-date,0,0,0,0,0,0,0,0,0,0,0,0,0,0,0,1,0,0,0,0,0,1
408,flexible location,0,0,0,0,0,0,0,0,0,0,0,0,0,0,0,1,0,0,0,0,0,1
409,data: quality,0,0,0,0,0,0,0,0,0,0,0,0,0,0,0,1,0,0,0,0,0,1
410,flexible,0,0,0,0,0,0,0,0,0,0,0,0,0,0,0,1,0,0,0,0,0,1
411,information extraction,0,0,0,0,0,0,0,0,0,0,0,0,0,0,0,1,0,0,0,0,0,1
412,white papers,0,0,0,0,0,0,0,0,0,0,0,0,0,0,0,1,0,0,0,0,0,1
413,blog,0,0,0,0,0,0,0,0,0,0,0,0,0,0,0,1,0,0,0,0,0,1
414,infrastructure,0,0,0,0,0,0,0,0,0,0,0,0,0,0,0,0,1,0,0,0,0,1
415,command line,0,0,0,0,0,0,0,0,0,0,0,0,0,0,0,0,1,0,0,0,0,1
416,Redash,0,0,0,0,0,0,0,0,0,0,0,0,0,0,0,0,1,0,0,0,0,1
417,teacher,0,0,0,0,0,0,0,0,0,0,0,0,0,0,0,0,1,0,0,0,0,1
418,data: culture,0,0,0,0,0,0,0,0,0,0,0,0,0,0,0,0,1,0,0,0,0,1
419,group settings,0,0,0,0,0,0,0,0,0,0,0,0,0,0,0,0,1,0,0,0,0,1
420,affordable,0,0,0,0,0,0,0,0,0,0,0,0,0,0,0,0,1,0,0,0,0,1
421,communicate: insights,0,0,0,0,0,0,0,0,0,0,0,0,0,0,0,0,1,0,0,0,0,1
422,write: scripts,0,0,0,0,0,0,0,0,0,0,0,0,0,0,0,0,1,0,0,0,0,1
423,prototype,0,0,0,0,0,0,0,0,0,0,0,0,0,0,0,0,1,0,0,0,0,1
424,data: tooling,0,0,0,0,0,0,0,0,0,0,0,0,0,0,0,0,1,0,0,0,0,1
425,product: data ,0,0,0,0,0,0,0,0,0,0,0,0,0,0,0,0,1,0,0,0,0,1
426,LTV analysis,0,0,0,0,0,0,0,0,0,0,0,0,0,0,0,0,1,0,0,0,0,1
427,shell scripting,0,0,0,0,0,0,0,0,0,0,0,0,0,0,0,0,1,0,0,0,0,1
428,Julia,0,0,0,0,0,0,0,0,0,0,0,0,0,0,0,0,1,0,0,0,0,1
429,Nimble,0,0,0,0,0,0,0,0,0,0,0,0,0,0,0,0,1,0,0,0,0,1
430,STATA,0,0,0,0,0,0,0,0,0,0,0,0,0,0,0,0,1,0,0,0,0,1
431,smarter decision-making,0,0,0,0,0,0,0,0,0,0,0,0,0,0,0,0,1,0,0,0,0,1
432,create tools,0,0,0,0,0,0,0,0,0,0,0,0,0,0,0,0,1,0,0,0,0,1
433, product: consumer,0,0,0,0,0,0,0,0,0,0,0,0,0,0,0,0,1,0,0,0,0,1
434,customer: profiling,0,0,0,0,0,0,0,0,0,0,0,0,0,0,0,0,1,0,0,0,0,1
435,engineering tools,0,0,0,0,0,0,0,0,0,0,0,0,0,0,0,0,1,0,0,0,0,1
436,customer: models,0,0,0,0,0,0,0,0,0,0,0,0,0,0,0,0,1,0,0,0,0,1
437,Through Thick & Thin,0,0,0,0,0,0,0,0,0,0,0,0,0,0,0,0,1,0,0,0,0,1
438,reimagine,0,0,0,0,0,0,0,0,0,0,0,0,0,0,0,0,1,0,0,0,0,1
439,ambitions,0,0,0,0,0,0,0,0,0,0,0,0,0,0,0,0,1,0,0,0,0,1
440,solutions,0,0,0,0,0,0,0,0,0,0,0,0,0,0,0,0,1,0,0,0,0,1
441,Applied Math,0,0,0,0,0,0,0,0,0,0,0,0,0,0,0,0,1,0,0,0,0,1
442,goals,0,0,0,0,0,0,0,0,0,0,0,0,0,0,0,0,1,0,0,0,0,1
443,MySQL,0,0,0,0,0,0,0,0,0,0,0,0,0,0,0,0,0,1,0,0,0,1
444,buckets,0,0,0,0,0,0,0,0,0,0,0,0,0,0,0,0,0,1,0,0,0,1
445,production environment,0,0,0,0,0,0,0,0,0,0,0,0,0,0,0,0,0,1,0,0,0,1
446,Social Network Analysis,0,0,0,0,0,0,0,0,0,0,0,0,0,0,0,0,0,1,0,0,0,1
447,curb toxicity,0,0,0,0,0,0,0,0,0,0,0,0,0,0,0,0,0,1,0,0,0,1
448,linking,0,0,0,0,0,0,0,0,0,0,0,0,0,0,0,0,0,1,0,0,0,1
449,Speech/Audio Processing,0,0,0,0,0,0,0,0,0,0,0,0,0,0,0,0,0,1,0,0,0,1
450,microservices,0,0,0,0,0,0,0,0,0,0,0,0,0,0,0,0,0,1,0,0,0,1
451,growth mindset,0,0,0,0,0,0,0,0,0,0,0,0,0,0,0,0,0,1,0,0,0,1
452,analysis,0,0,0,0,0,0,0,0,0,0,0,0,0,0,0,0,0,1,0,0,0,1
453,trade-offs,0,0,0,0,0,0,0,0,0,0,0,0,0,0,0,0,0,1,0,0,0,1
454,Solid understanding,0,0,0,0,0,0,0,0,0,0,0,0,0,0,0,0,0,1,0,0,0,1
455,data: semi-structured,0,0,0,0,0,0,0,0,0,0,0,0,0,0,0,0,0,1,0,0,0,1
456,checking-in,0,0,0,0,0,0,0,0,0,0,0,0,0,0,0,0,0,1,0,0,0,1
457,flat files,0,0,0,0,0,0,0,0,0,0,0,0,0,0,0,0,0,1,0,0,0,1
458,simplify,0,0,0,0,0,0,0,0,0,0,0,0,0,0,0,0,0,1,0,0,0,1
459,columnar,0,0,0,0,0,0,0,0,0,0,0,0,0,0,0,0,0,1,0,0,0,1
460,documenting code,0,0,0,0,0,0,0,0,0,0,0,0,0,0,0,0,0,1,0,0,0,1
461,lambda,0,0,0,0,0,0,0,0,0,0,0,0,0,0,0,0,0,1,0,0,0,1
462,reviewing,0,0,0,0,0,0,0,0,0,0,0,0,0,0,0,0,0,1,0,0,0,1
463,NoSQL,0,0,0,0,0,0,0,0,0,0,0,0,0,0,0,0,0,1,0,0,0,1
464,3+ years Bio,0,0,0,0,0,0,0,0,0,0,0,0,0,0,0,0,0,0,1,0,0,1
465,PDB,0,0,0,0,0,0,0,0,0,0,0,0,0,0,0,0,0,0,1,0,0,1
466,TCGA,0,0,0,0,0,0,0,0,0,0,0,0,0,0,0,0,0,0,1,0,0,1
467,Gene Ontology,0,0,0,0,0,0,0,0,0,0,0,0,0,0,0,0,0,0,1,0,0,1
468,data: biomedical,0,0,0,0,0,0,0,0,0,0,0,0,0,0,0,0,0,0,1,0,0,1
469,computational biology,0,0,0,0,0,0,0,0,0,0,0,0,0,0,0,0,0,0,1,0,0,1
470,regulome,0,0,0,0,0,0,0,0,0,0,0,0,0,0,0,0,0,0,1,0,0,1
471,Array Express,0,0,0,0,0,0,0,0,0,0,0,0,0,0,0,0,0,0,1,0,0,1
472,biology,0,0,0,0,0,0,0,0,0,0,0,0,0,0,0,0,0,0,1,0,0,1
473,omics,0,0,0,0,0,0,0,0,0,0,0,0,0,0,0,0,0,0,1,0,0,1
474,ELB,0,0,0,0,0,0,0,0,0,0,0,0,0,0,0,0,0,0,1,0,0,1
475,Human Protein Atlas,0,0,0,0,0,0,0,0,0,0,0,0,0,0,0,0,0,0,1,0,0,1
476,GEO,0,0,0,0,0,0,0,0,0,0,0,0,0,0,0,0,0,0,1,0,0,1
477,pioneering,0,0,0,0,0,0,0,0,0,0,0,0,0,0,0,0,0,0,1,0,0,1
478,recent graduate,0,0,0,0,0,0,0,0,0,0,0,0,0,0,0,0,0,0,1,0,0,1
479,EC2,0,0,0,0,0,0,0,0,0,0,0,0,0,0,0,0,0,0,1,0,0,1
480,Tumor Portal,0,0,0,0,0,0,0,0,0,0,0,0,0,0,0,0,0,0,1,0,0,1
481,ENSEMBL,0,0,0,0,0,0,0,0,0,0,0,0,0,0,0,0,0,0,1,0,0,1
482,protein-protein interaction,0,0,0,0,0,0,0,0,0,0,0,0,0,0,0,0,0,0,1,0,0,1
483,KEGG,0,0,0,0,0,0,0,0,0,0,0,0,0,0,0,0,0,0,1,0,0,1
484,R&D,0,0,0,0,0,0,0,0,0,0,0,0,0,0,0,0,0,0,1,0,0,1
485,Gene Expression Atlas,0,0,0,0,0,0,0,0,0,0,0,0,0,0,0,0,0,0,1,0,0,1
486,Reactome,0,0,0,0,0,0,0,0,0,0,0,0,0,0,0,0,0,0,1,0,0,1
487,LINCs,0,0,0,0,0,0,0,0,0,0,0,0,0,0,0,0,0,0,1,0,0,1
488,challenges,0,0,0,0,0,0,0,0,0,0,0,0,0,0,0,0,0,0,1,0,0,1
489,UniProt,0,0,0,0,0,0,0,0,0,0,0,0,0,0,0,0,0,0,1,0,0,1
490,STRING,0,0,0,0,0,0,0,0,0,0,0,0,0,0,0,0,0,0,1,0,0,1
491,immunology,0,0,0,0,0,0,0,0,0,0,0,0,0,0,0,0,0,0,1,0,0,1
492,1+ years DL FW,0,0,0,0,0,0,0,0,0,0,0,0,0,0,0,0,0,0,0,1,0,1
493,product-level thinking,0,0,0,0,0,0,0,0,0,0,0,0,0,0,0,0,0,0,0,1,0,1
494,1+ years NLP,0,0,0,0,0,0,0,0,0,0,0,0,0,0,0,0,0,0,0,1,0,1
495,1+ years DS,0,0,0,0,0,0,0,0,0,0,0,0,0,0,0,0,0,0,0,1,0,1
496,DL: neural information retrieval,0,0,0,0,0,0,0,0,0,0,0,0,0,0,0,0,0,0,0,1,0,1
497,vision,0,0,0,0,0,0,0,0,0,0,0,0,0,0,0,0,0,0,0,1,0,1
498,independent,0,0,0,0,0,0,0,0,0,0,0,0,0,0,0,0,0,0,0,1,0,1
499,Willingness,0,0,0,0,0,0,0,0,0,0,0,0,0,0,0,0,0,0,0,1,0,1
500,pivotal,0,0,0,0,0,0,0,0,0,0,0,0,0,0,0,0,0,0,0,1,0,1
501,ML: Scientist,0,0,0,0,0,0,0,0,0,0,0,0,0,0,0,0,0,0,0,0,1,1
502,ImageNet,0,0,0,0,0,0,0,0,0,0,0,0,0,0,0,0,0,0,0,0,1,1
503,Meta-Learning,0,0,0,0,0,0,0,0,0,0,0,0,0,0,0,0,0,0,0,0,1,1
504,data: efficiency,0,0,0,0,0,0,0,0,0,0,0,0,0,0,0,0,0,0,0,0,1,1
505,MNIST,0,0,0,0,0,0,0,0,0,0,0,0,0,0,0,0,0,0,0,0,1,1
506,from scratch,0,0,0,0,0,0,0,0,0,0,0,0,0,0,0,0,0,0,0,0,1,1
507,entropy analysis,0,0,0,0,0,0,0,0,0,0,0,0,0,0,0,0,0,0,0,0,1,1
508,CIFAR-10,0,0,0,0,0,0,0,0,0,0,0,0,0,0,0,0,0,0,0,0,1,1
509,active Learning,0,0,0,0,0,0,0,0,0,0,0,0,0,0,0,0,0,0,0,0,1,1
510,reinforcement learning,0,0,0,0,0,0,0,0,0,0,0,0,0,0,0,0,0,0,0,0,1,1
511,transfer learning,0,0,0,0,0,0,0,0,0,0,0,0,0,0,0,0,0,0,0,0,1,1
512,implications,0,0,0,0,0,0,0,0,0,0,0,0,0,0,0,0,0,0,0,0,0,0
513,instrumentation,0,0,0,0,0,0,0,0,0,0,0,0,0,0,0,0,0,0,0,0,0,0
514,straightforward,0,0,0,0,0,0,0,0,0,0,0,0,0,0,0,0,0,0,0,0,0,0
